성취기준코드,학년군,교과,영역,성취기준,성취수준A,성취수준B,성취수준C,탐구 활동,원문쪽
[2국01-01],초등 1~2학년군,국어,듣기·말하기,중요한 내용이나 일이 일어난 순서를 고려하며 듣고 말한다.,"중요한 내용이나 일이 일어난 순서를 정확하게 파악하며 듣고, 중요한 내용이나 일이 일어난 순서가 명확히 드러나게 말할 수 있다.","중요한 내용이나 일이 일어난 순서를 파악하며 듣고, 중요한 내용이나 일이 일어난 순서가 드러나게 말할 수 있다.","중요한 내용이나 일이 일어난 순서를 부분적으로 파악하며 듣고, 중요한 내용이나 일이 일어난 순서가 일부 드러나게 말한다.",,21
[2국01-02],초등 1~2학년군,국어,듣기·말하기,바르고 고운 말로 서로의 감정을 나누며 듣고 말한다.,"감정과 관련된 다양한 표현을 알고, 서로의 감정을 적극적으로 공유하는 과정에서 바르고 고운 말을 사용하여 듣고 말할 수 있다.","감정과 관련된 표현을 알고, 서로의 감정을 공유하는 과정에서 바르고 고운 말을 사용하여 듣고 말할 수 있다.","감정과 관련된 표현을 일부 알고, 서로의 감정을 공유하는 과정에서 바르고 고운 말을 부분적으로 사용하여 듣고 말한다.",,21
[2국01-03],초등 1~2학년군,국어,듣기·말하기,상대의 말을 집중하여 듣고 말차례를 지키며 대화한다.,"상대의 말에 주의를 집중하여 정확하게 듣고, 말차례를 지키며 적극적으로 대화할 수 있다.","상대의 말에 주의를 집중하여 듣고, 말차례를 지키며 대화할 수 있다.","상대의 말을 듣고, 말차례를 부분적으로 지키며 대화한다.",,21
[2국01-04],초등 1~2학년군,국어,듣기·말하기,자신의 경험이나 생각을 바른 자세로 발표한다.,자신의 경험이나 생각을 풍부하게 떠올려 바른 자세로 자신 있게 발표할 수 있다.,자신의 경험이나 생각을 떠올려 바른 자세로 발표할 수 있다.,"자신의 경험이나 생각을 부분적으로 떠올리고, 다른 사람 앞에서 말한다.",,21
[2국01-05],초등 1~2학년군,국어,듣기·말하기,듣기와 말하기에 관심과 흥미를 가진다.,"듣기·말하기의 중요성을 정확히 인식하고, 듣기·말하기에 적극적으로 참여하며 관심과 흥미를 가진다.","듣기·말하기의 중요성을 인식하고, 듣기·말하기에 관심과 흥미를 가진다.",듣기·말하기에 관심과 흥미를 일부 가진다.,,21
[2국02-01],초등 1~2학년군,국어,읽기,"글자, 단어, 문장, 짧은 글을 정확하게 소리 내어 읽는다.","글자, 단어, 문장, 짧은 글을 바르고 정확하게 발음하고 적절한 속도로 소리 내어 읽을 수 있다.","글자, 단어, 문장, 짧은 글을 정확하게 발음하고 소리 내어 읽을 수 있다.","글자, 단어, 문장, 짧은 글을 부분적으로 정확하게 발음하고 소리 내어 읽는다.",,22
[2국02-02],초등 1~2학년군,국어,읽기,의미가 잘 드러나도록 문장과 짧은 글을 알맞게 띄어 읽는다.,글에 의미 단위가 있음을 인식하며 의미가 잘 드러나도록 문장과 짧은 글을 알맞게 띄어 읽을 수 있다.,글의 의미가 잘 드러나도록 문장과 짧은 글을 알맞게 띄어 읽을 수 있다.,문장과 짧은 글을 부분적으로 알맞게 띄어 읽는다.,,22
[2국02-03],초등 1~2학년군,국어,읽기,글을 읽고 중심 내용을 확인한다.,다양한 유형의 글을 읽고 중심 내용을 정확하게 확인할 수 있다.,글을 읽고 중심 내용을 정확하게 확인할 수 있다.,글을 읽고 중심 내용을 부분적으로 확인한다.,,22
[2국02-04],초등 1~2학년군,국어,읽기,인물의 마음이나 생각을 짐작하고 이를 자신과 비교하며 글을 읽는다.,인물의 마음이나 생각을 정확하게 짐작하고 이를 자신의 관점과 능동적으로 비교하며 글을 읽을 수 있다.,인물의 마음이나 생각을 짐작하고 이를 자신의 관점과 비교하며 글을 읽을 수 있다.,인물의 마음이나 생각을 부분적으로 짐작하고 이를 자신의 관점과 일부 비교하며 글을 읽는다.,,22
[2국02-05],초등 1~2학년군,국어,읽기,읽기에 흥미를 가지고 즐겨 읽는 태도를 지닌다.,읽기에 흥미를 가지고 읽기 경험을 긍정적으로 수용하며 즐겨 읽는 태도를 지닌다.,읽기에 흥미를 가지고 긍정적으로 즐겨 읽는 태도를 지닌다.,읽기에 일부 흥미를 보인다.,,22
[2국03-01],초등 1~2학년군,국어,쓰기,글자와 단어를 바르게 쓴다.,바른 자세로 글자와 단어를 바르고 정확하게 쓸 수 있다.,글자와 단어를 바르고 정확하게 쓸 수 있다.,글자와 간단한 단어를 쓴다.,,22
[2국03-02],초등 1~2학년군,국어,쓰기,쓰기에 흥미를 가지며 자신의 생각이나 느낌을 문장으로 표현한다.,쓰기에 흥미를 가지며 자신의 생각과 느낌을 다양한 문장으로 다채롭게 표현할 수 있다.,쓰기에 흥미를 가지며 자신의 생각이나 느낌을 다양한 문장으로 표현할 수 있다.,쓰기에 일부 흥미를 가지며 자신의 생각이나 느낌의 일부를 문장으로 표현한다.,,22
[2국03-03],초등 1~2학년군,국어,쓰기,주변 소재에 대해 소개하는 글을 쓴다.,주변 소재에 대해 쓸 내용을 풍부하게 생성하고 다양하게 표현하며 소개하는 글을 쓸 수 있다.,주변 소재에 대해 쓸 내용을 생성하여 소개하는 글을 쓸 수 있다.,주변 소재에 대해 부분적인 수준에서 소개하는 글을 쓴다.,,22
[2국03-04],초등 1~2학년군,국어,쓰기,"겪은 일을 표현하는 글을 자유롭게 쓰고, 쓴 글을 함께 읽고 생각이나 느낌을 나눈다.","겪은 일에 대해 쓸 내용을 다양하게 생성하여 자유롭게 쓰고, 쓴 글을 함께 읽고 서로의 생각과 느낌을 적극적으로 나눌 수 있다.","겪은 일을 표현하는 글을 자유롭게 쓰고, 쓴 글을 함께 읽고 자신의 생각이나 느낌을 표현하거나 타인의 생각이나 느낌을 받아들일 수 있다.","자신이 겪은 일을 글로 쓰고, 다른 사람이 쓴 글을 읽고 자신의 생각이나 느낌의 일부를 표현한다.",,23
[2국04-01],초등 1~2학년군,국어,문법,한글 자모의 이름과 소릿값을 알고 정확하게 발음하고 쓴다.,한글 자모의 이름과 소릿값을 바르게 알고 한글 자모를 소릿값대로 정확하게 발음하고 쓸 수 있다.,한글 자모의 이름과 소릿값을 알고 한글 자모를 소릿값대로 발음하고 쓸 수 있다.,한글 자모의 이름과 소릿값의 일부를 알고 발음하며 쓴다.,,23
[2국04-02],초등 1~2학년군,국어,문법,소리와 표기가 다를 수 있음을 알고 단어를 바르게 읽고 쓴다.,소리와 표기가 같거나 다를 수 있음을 정확하게 알고 단어를 바르게 읽고 쓸 수 있다.,소리와 표기가 같거나 다를 수 있음을 알고 단어를 읽고 쓸 수 있다.,소리와 표기가 같거나 다를 수 있음을 부분적인 수준에서 알고 단어를 읽고 쓴다.,,23
[2국04-03],초등 1~2학년군,국어,문법,문장과 문장 부호를 알맞게 쓰고 한글에 호기심을 가진다.,"문장 부호를 정확하게 알며, 문장과 문장 부호를 적절하게 쓰고 한글에 지속적인 호기심을 가진다.","문장 부호를 알며, 문장과 문장 부호를 적절하게 쓰고 한글에 호기심을 가진다.","문장 부호를 일부 알며, 문장과 문장 부호를 쓰고 한글에 호기심을 가진다.",,23
[2국05-01],초등 1~2학년군,국어,문학,"말놀이, 낭송 등을 통해 말의 재미와 즐거움을 느낀다.",말놀이에 적극적으로 참여하고 분위기를 살려 작품을 낭송하며 말의 재미와 즐거움을 느낄 수 있다.,말놀이에 참여하고 작품을 낭송하며 말의 재미와 즐거움을 느낄 수 있다.,간단한 말놀이나 작품 낭송에서 말의 재미를 느낀다.,,23
[2국05-02],초등 1~2학년군,국어,문학,작품을 듣거나 읽으면서 느끼거나 생각한 점을 말한다.,작품을 듣거나 읽으면서 느끼거나 생각한 점을 구체적으로 말하며 감상을 다른 사람과 즐겨 나눌 수 있다.,작품을 듣거나 읽으면서 느끼거나 생각한 점을 말하며 감상을 다른 사람과 나눌 수 있다.,작품을 듣거나 읽으면서 느끼거나 생각한 점을 간단한 말로 표현한다.,,23
[2국05-03],초등 1~2학년군,국어,문학,"작품 속 인물의 모습, 행동, 마음을 상상하여 시, 노래, 이야기, 그림 등으로 표현한다.","작품 속 인물의 모습, 행동, 마음을 구체적으로 상상하여 시, 노래, 이야기, 그림 등 다양한 방식으로 창의적으로 표현할 수 있다.","작품 속 인물의 모습, 행동, 마음을 상상하여 시, 노래, 이야기, 그림 등으로 표현할 수 있다.","작품 속 인물의 모습, 행동, 마음을 일부 상상하여 시, 노래, 이야기, 그림 등으로 간단하게 표현한다.",,23
[2국05-04],초등 1~2학년군,국어,문학,"시나 노래, 이야기에 흥미를 가진다.","다양한 시나 노래, 이야기를 스스로 찾아 감상하며 흥미를 가진다.","다양한 시나 노래, 이야기를 감상하는 데에 흥미를 가진다.","시나 노래, 이야기를 듣거나 읽는 데 관심을 가진다.",,24
[2국06-01],초등 1~2학년군,국어,매체,일상의 다양한 매체와 매체 자료에 흥미와 관심을 가진다.,일상의 다양한 매체와 매체 자료에 대해 흥미와 관심이 높고 매체와 매체 자료의 종류와 특징을 구체적으로 안다.,일상의 다양한 매체와 매체 자료에 대해 흥미와 관심이 있고 매체와 매체 자료의 종류를 안다.,"매체와 매체 자료에 대한 흥미나 관심을 가지고, 매체와 매체 자료의 일부 종류를 안다.",,24
[2국06-02],초등 1~2학년군,국어,매체,일상의 경험과 생각을 글과 그림으로 표현한다.,다양한 방식으로 글과 그림을 활용하여 일상의 경험과 자신의 생각을 효과적으로 표현할 수 있다.,글과 그림을 활용하여 일상의 경험과 자신의 생각을 표현할 수 있다.,글이나 그림을 일부 활용하여 자신의 경험이나 생각을 부분적으로 표현한다.,,24
[2수01-01],초등 1~2학년군,수학,수와 연산,"수의 필요성을 인식하면서 0과 100까지의 수 개념을 이해하고, 수를 세고 읽고 쓸 수 있다.","수가 사용되는 여러 가지 실생활 상황에서 수의 필요성을 말하고, 0과 50까지 또는 100까지의 수를 10개씩 묶음과 낱개로 나타내며, 수를 읽고 쓸 수 있다.","실생활에서 수가 사용되는 상황을 말하고, 10개씩 묶음과 낱개를 이용하여 0과 50까지 또는 100까지의 수 개념을 이해하며, 수를 읽고 쓸 수 있다.","실생활에서 수가 사용됨을 알고, 구체물을 세어 0과 50까지 또는 100까지의 수 개념을 이해하며, 수를 읽고 쓸 수 있다.",,32
[2수01-02],초등 1~2학년군,수학,수와 연산,"일, 십, 백, 천의 자릿값과 위치적 기수법을 이해하고, 네 자리 이하의 수를 읽고 쓸 수 있다.","세 자리 수 또는 네 자리 수를 각 자리의 숫자가 나타내는 수들의 합으로 나타내고, 수를 읽고 쓸 수 있다.","세 자리 수 또는 네 자리 수에서 각 자리의 숫자가 나타내는 수를 말하고, 수를 읽고 쓸 수 있다.","일, 십, 백 또는 천의 자리를 알고, 세 자리 수 또는 네 자리 수를 읽고 쓸 수 있다.",,32
[2수01-03],초등 1~2학년군,수학,수와 연산,"네 자리 이하의 수의 범위에서 수의 계열을 이해하고, 수의 크기를 비교할 수 있다.","네 자리 이하의 수의 범위에서 수의 계열을 이해하고 여러 가지 방법으로 수를 세며, 수의 크기를 비교하고 그 방법을 설명할 수 있다.","네 자리 이하의 수의 범위에서 수의 계열을 이해하여 뛰어 세기를 하고, 수의 크기를 비교할 수 있다.","네 자리 이하의 수의 범위에서 수를 순서대로 말하고, 구체적인 조작 활동을 통하여 수의 크기를 비교할 수 있다.",,32
[2수01-04],초등 1~2학년군,수학,수와 연산,하나의 수를 두 수로 분해하고 두 수를 하나의 수로 합성하는 활동을 통하여 수 감각을 기른다.,"수 감각을 바탕으로 하나의 수를 여러 가지 경우의 두 수로 가르고, 두 수를 하나의 수로 모을 수 있다.","수 감각을 바탕으로 하나의 수를 두 수로 가르고, 두 수를 하나의 수로 모을 수 있다.","구체물을 이용하여 하나의 수를 두 수로 가르고, 두 수를 하나의 수로 모을 수 있다.",,32
[2수01-05],초등 1~2학년군,수학,수와 연산,덧셈과 뺄셈이 이루어지는 실생활 상황과 연결하여 덧셈과 뺄셈의 의미를 이해한다.,"덧셈과 뺄셈이 이루어지는 실생활 상황과 연결하여 덧셈과 뺄셈의 의미를 말하고, 그 상황을 덧셈식이나 뺄셈식으로 나타낼 수 있다.",실생활 상황을 덧셈식이나 뺄셈식으로 나타낼 수 있다.,"안내된 절차에 따라 덧셈이 이루어지는 상황을 덧셈식으로, 뺄셈이 이루어지는 상황을 뺄셈식으로 나타낼 수 있다.",,33
[2수01-06],초등 1~2학년군,수학,수와 연산,두 자리 수의 범위에서 덧셈과 뺄셈의 계산 원리를 이해하고 그 계산을 할 수 있다.,"두 자리 수의 범위에서 덧셈과 뺄셈을 하고, 그 계산 원리를 말할 수 있다.","두 자리 수의 범위에서 덧셈과 뺄셈의 계산 원리를 이해하고, 그 계산을 할 수 있다.",안내된 절차에 따라 두 자리 수의 범위에서 간단한 덧셈과 뺄셈을 할 수 있다.,,33
[2수01-07],초등 1~2학년군,수학,수와 연산,덧셈과 뺄셈의 관계를 이해한다.,"한 가지 상황을 덧셈식과 뺄셈식으로 나타내고, 그 상황과 연계해서 덧셈식과 뺄셈식의 관계를 말할 수 있다.",한 가지 상황을 덧셈식과 뺄셈식으로 나타낼 수 있다.,"안내된 절차에 따라 덧셈식을 뺄셈식으로, 뺄셈식을 덧셈식으로 나타낼 수 있다.",,33
[2수01-08],초등 1~2학년군,수학,수와 연산,두 자리 수의 범위에서 세 수의 덧셈과 뺄셈을 할 수 있다.,"두 자리 수의 범위에서 세 수의 덧셈과 뺄셈을 계산하고, 그 방법을 말할 수 있다.",두 자리 수의 범위에서 세 수의 덧셈과 뺄셈을 계산할 수 있다.,안내된 절차에 따라 두 자리 수의 범위에서 간단한 세 수의 덧셈과 뺄셈을 할 수 있다.,,33
[2수01-09],초등 1~2학년군,수학,수와 연산,"□가 사용된 덧셈식과 뺄셈식을 만들고, □의 값을 구할 수 있다.","실생활 상황을 □가 사용된 덧셈식과 뺄셈식으로 나타내며, □의 값을 구하고 그 방법을 말할 수 있다.","주어진 상황을 □가 사용된 덧셈식과 뺄셈식으로 나타내고, □의 값을 구할 수 있다.",안내된 절차에 따라 □가 사용된 간단한 덧셈식과 뺄셈식에서 □의 값을 구할 수 있다.,,33
[2수01-10],초등 1~2학년군,수학,수와 연산,곱셈이 이루어지는 실생활 상황과 연결하여 곱셈의 의미를 이해한다.,"곱셈이 이루어지는 실생활 상황과 연결하여 곱셈의 의미를 말하고, 그 상황을 곱셈식으로 나타낼 수 있다.",곱셈이 이루어지는 실생활 상황을 곱셈식으로 나타낼 수 있다.,안내된 절차에 따라 곱셈이 이루어지는 실생활 상황을 곱셈식으로 나타낼 수 있다.,,34
[2수01-11],초등 1~2학년군,수학,수와 연산,"곱셈구구를 이해하고, 한 자리 수의 곱셈을 할 수 있다.","곱셈구구의 원리에 대한 이해를 바탕으로 한 자리 수의 곱셈을 하고, 곱셈구구를 유창하게 말할 수 있다.","곱셈구구의 원리에 대한 이해를 바탕으로 한 자리 수의 곱셈을 하고, 곱셈구구를 말할 수 있다.",안내된 절차에 따라 곱셈구구를 말할 수 있다.,,34
[2수02-01],초등 1~2학년군,수학,변화와 관계,"물체, 무늬, 수 등의 배열에서 규칙을 찾아 여러 가지 방법으로 표현할 수 있다.","물체, 무늬, 수 등의 배열에서 규칙을 찾아 말하고, 여러 가지 방법으로 표현할 수 있다.","물체, 무늬, 수 등의 배열에서 규칙을 찾아 말, 수, 그림, 구체물 등을 이용하여 표현할 수 있다.","안내된 절차에 따라 물체, 무늬, 수 등의 간단한 배열에서 규칙을 찾을 수 있다.",,34
[2수02-02],초등 1~2학년군,수학,변화와 관계,"자신이 정한 규칙에 따라 물체, 무늬, 수 등을 배열할 수 있다.","여러 가지 규칙을 정하고, 그 규칙에 따라 물체, 무늬, 수 등을 배열할 수 있다.","규칙을 정하고, 그 규칙에 따라 물체, 무늬, 수 등을 배열할 수 있다.","주어진 규칙에 따라 물체, 무늬, 수 등을 배열할 수 있다.",,34
[2수03-01],초등 1~2학년군,수학,도형과 측정,"교실 및 생활 주변에서 여러 가지 물건을 관찰하여 직육면체, 원기둥, 구의 모양을 찾고, 이를 이용하여 여러 가지 모양을 만들 수 있다.","주변 물건을 직육면체, 원기둥, 구의 모양으로 분류하여 특징을 말하고, 그 모양들을 이용하여 여러 가지 모양을 만들 수 있다.","주변 물건에서 직육면체, 원기둥, 구의 모양을 찾고, 그 모양들을 이용하여 여러 가지 모양을 만들 수 있다.","주어진 물건에서 직육면체, 원기둥, 구의 모양을 찾고, 그 모양들을 이용하여 간단한 모양을 만들 수 있다.",,35
[2수03-02],초등 1~2학년군,수학,도형과 측정,"쌓기나무를 이용하여 여러 가지 입체도형의 모양을 만들고, 그 모양에 대해 위치나 방향을 이용하여 말할 수 있다.","쌓기나무를 이용하여 다양한 입체도형의 모양을 만들고, 그 모양에 대해 위치나 방향을 이용하여 여러 가지 방법으로 말할 수 있다.","쌓기나무를 이용하여 입체도형의 모양을 만들고, 그 모양에 대해 위치나 방향을 이용하여 말할 수 있다.","안내된 절차에 따라 쌓기나무로 간단한 입체도형의 모양을 만들고, 그 모양에 대해 위치나 방향을 이용하여 말할 수 있다.",,35
[2수03-03],초등 1~2학년군,수학,도형과 측정,"교실 및 생활 주변에서 여러 가지 물건을 관찰하여 삼각형, 사각형, 원의 모양을 찾고, 이를 이용하여 여러 가지 모양을 만들 수 있다.","주변 물건을 삼각형, 사각형, 원의 모양으로 분류하여 특징을 말하고, 그 모양들을 이용하여 여러 가지 모양을 만들 수 있다.","주변 물건에서 삼각형, 사각형, 원의 모양을 찾고, 그 모양들을 이용하여 여러 가지 모양을 만들 수 있다.","주어진 물건에서 삼각형, 사각형, 원의 모양을 찾고, 이를 이용하여 간단한 모양을 만들 수 있다.",,35
[2수03-04],초등 1~2학년군,수학,도형과 측정,"삼각형, 사각형, 원을 직관적으로 이해하고, 그 모양을 그릴 수 있다.","삼각형, 사각형, 원의 예인 것과 아닌 것을 각각 분류하고, 여러 가지 모양의 삼각형, 사각형, 원을 그릴 수 있다.","도형의 예를 통해 삼각형, 사각형, 원을 직관적으로 이해하고, 여러 가지 방법(본뜨기, 도형판 이용 등)으로 삼각형, 사각형, 원을 그릴 수 있다.","주어진 도형에서 삼각형, 사각형, 원을 찾고, 물건을 본떠서 삼각형, 사각형, 원을 그릴 수 있다.",,35
[2수03-05],초등 1~2학년군,수학,도형과 측정,"삼각형, 사각형에서 각각의 공통점을 찾아 말할 수 있다.","삼각형 또는 사각형에서 각 도형의 여러 가지 공통점을 찾고, 이를 이용하여 주어진 도형이 삼각형 또는 사각형임을 말할 수 있다.",삼각형 또는 사각형에서 각 도형의 여러 가지 공통점을 찾아 말할 수 있다.,안내된 절차에 따라 삼각형 또는 사각형에서 각 도형의 공통점을 찾을 수 있다.,,35
[2수03-06],초등 1~2학년군,수학,도형과 측정,"구체물의 길이, 들이, 무게, 넓이를 비교하여 각각 ‘길다, 짧다’, ‘많다, 적다’, ‘무겁다, 가볍다’, ‘넓다, 좁다’ 등을 구별하여 말할 수 있다.","구체물의 길이, 들이, 무게, 넓이를 여러 가지 방법으로 비교하여 각각 ‘길다, 짧다’, ‘많다, 적다’, ‘무겁다, 가볍다’, ‘넓다, 좁다’ 등을 구별하여 말할 수 있다.","구체물의 길이, 들이, 무게, 넓이를 비교하여 각각 ‘길다, 짧다’, ‘많다, 적다’, ‘무겁다, 가볍다’, ‘넓다, 좁다’ 등을 구별할 수 있다.","안내된 절차에 따라 구체물의 길이, 들이, 무게, 넓이를 비교하여 어느 것이 더 긴지, 더 많은지, 더 무거운지, 더 넓은지를 구별할 수 있다.",,36
[2수03-07],초등 1~2학년군,수학,도형과 측정,시계를 보고 시각을 ‘몇 시 몇 분’까지 읽을 수 있다.,"시계가 나타내는 여러 가지 시각을 ‘몇 시’, ‘몇 시 30분’, ‘몇 시 몇 분’ 등으로 읽고, 주어진 시각을 시계에 나타낼 수 있다.","시계가 나타내는 여러 가지 시각을 ‘몇 시’, ‘몇 시 30분’, ‘몇 시 몇 분’ 등으로 읽을 수 있다.","시계에서 짧은바늘은 ‘시’, 긴바늘은 ‘분’을 나타냄을 알고, 안내된 절차에 따라 간단한 시각을 읽을 수 있다.",,36
[2수03-08],초등 1~2학년군,수학,도형과 측정,"1시간과 1분의 관계를 이해하고, 시간을 ‘시간’, ‘분’으로 표현할 수 있다.",1시간과 1분의 관계를 이용하여 실생활 상황에서 시간을 ‘몇 시간 몇 분’과 ‘몇 분’으로 각각 나타낼 수 있다.,"1시간과 1분의 관계를 이용하여 ‘몇 시간 몇 분’을 ‘몇 분’으로, ‘몇 분’을 ‘몇 시간 몇 분’으로 나타낼 수 있다.","1시간이 60분임을 알고, 안내된 절차에 따라 ‘몇 시간’을 ‘몇 분’으로, ‘몇 분’을 ‘몇 시간’으로 나타낼 수 있다.",,36
[2수03-09],초등 1~2학년군,수학,도형과 측정,"실생활 문제 상황과 연결하여 1분, 1시간, 1일, 1주일, 1개월, 1년 사이의 관계를 이해한다.","1분, 1시간, 1일 사이의 관계와 1일, 1주일, 1개월, 1년 사이의 관계를 말하고, 이를 실생활 상황에 적용할 수 있다.","1시간은 60분, 1일은 24시간임을 이용하여 1분, 1시간, 1일 사이의 관계를 말하고, 달력을 이용하여 1일, 1주일, 1개월, 1년 사이의 관계를 말할 수 있다.","1시간은 60분, 1일은 24시간, 1주일은 7일, 1년은 12개월임을 말할 수 있다.",,36
[2수03-10],초등 1~2학년군,수학,도형과 측정,"길이 단위 1cm와 1m를 알고, 이를 이용하여 주변 사물의 길이를 측정할 수 있다.","임의 단위와 표준 단위를 비교하여 표준 단위의 필요성을 말하고, 1cm 또는 1m의 단위로 여러 가지 물건의 길이를 측정하여 비교할 수 있다.","표준 단위의 필요성을 알고, 1cm 또는 1m의 단위로 여러 가지 물건의 길이를 측정할 수 있다.",안내된 절차에 따라 1cm 또는 1m의 단위로 주어진 사물의 길이를 측정할 수 있다.,,37
[2수03-11],초등 1~2학년군,수학,도형과 측정,"1m와 1cm의 관계를 이해하고, 길이를 ‘몇 m 몇 cm’와 ‘몇 cm’로 표현할 수 있다.",1m와 1cm의 관계를 이용하여 실생활 상황에서 여러 가지 길이를 ‘몇 m 몇 cm’와 ‘몇 cm’로 표현할 수 있다.,"1m와 1cm의 관계를 이용하여 ‘몇 m 몇 cm’를 ‘몇 cm’로, ‘몇 cm’를 ‘몇 m 몇cm’로 나타낼 수 있다.","1m가 100cm임을 알고, 안내된 절차에 따라 ‘몇 m’를 ‘몇 cm’로, ‘몇 cm’를 ‘몇 m’로 나타낼 수 있다.",,37
[2수03-12],초등 1~2학년군,수학,도형과 측정,"여러 가지 물건의 길이를 어림하고, 길이에 대한 양감을 기른다.","길이에 대한 양감을 이용하여 물건의 길이를 여러 가지 방법으로 어림하고, 어림한 방법을 말할 수 있다.","길이에 대한 양감을 바탕으로 주어진 물건의 길이를 어림하고, 어림한 길이를 자로 잰 길이와 비교할 수 있다.",안내된 절차에 따라 1cm 또는 1m와 비교하여 물건의 길이를 어림할 수 있다.,,37
[2수03-13],초등 1~2학년군,수학,도형과 측정,실생활 문제 상황과 연결하여 길이의 덧셈과 뺄셈을 할 수 있다.,"실생활 문제 상황을 길이의 덧셈과 뺄셈으로 나타내어 계산하고, 그 과정을 말할 수 있다.","실생활 문제 상황을 길이의 덧셈과 뺄셈으로 나타내고, 그 계산을 할 수 있다.",안내된 절차에 따라 간단한 길이의 덧셈과 뺄셈을 할 수 있다.,,37
[2수04-01],초등 1~2학년군,수학,자료와 가능성,"여러 가지 사물을 정해진 기준 또는 자신이 정한 기준으로 분류하여 개수를 세어 보고, 기준에 따른 결과를 말할 수 있다.","사물을 여러 가지 기준으로 분류하고, 분류한 결과와 분류할 때 분명한 기준이 필요함을 말할 수 있다.","사물을 정해진 기준 또는 자신이 정한 기준으로 분류하고, 개수를 세어 분류한 결과를 말할 수 있다.","안내된 절차에 따라 사물을 간단한 기준으로 분류하고, 개수를 셀 수 있다.",,38
[2수04-02],초등 1~2학년군,수학,자료와 가능성,"자료를 분류하여 표로 나타내고, 자료를 표로 나타내면 편리한 점을 말할 수 있다.","자료를 분류하여 표로 나타내고, 표를 보고 알게 된 사실과 자료를 표로 나타내면 편리한 점을 말할 수 있다.","분류한 자료를 표로 나타내고, 자료를 표로 나타내면 편리한 점을 말할 수 있다.",자료를 보고 일부가 주어진 표를 완성할 수 있다.,,38
[2수04-03],초등 1~2학년군,수학,자료와 가능성,"자료를 분류하여 ○, ×, / 등을 이용한 그래프로 나타내고, 자료를 그래프로 나타내면 편리한 점을 말할 수 있다.","자료를 분류하여 ○, ×, / 등을 이용한 그래프로 나타내고, 그래프를 보고 알게 된 사실과 자료를 그래프로 나타내면 편리한 점을 말할 수 있다.","분류한 자료를 ○, ×, / 등을 이용한 그래프로 나타내고, 자료를 그래프로 나타내면 편리한 점을 말할 수 있다.","표를 보고 일부가 주어진 ○, ×, / 등을 이용한 그래프를 완성할 수 있다.",,38
[2바01-01],초등 1~2학년군,바른 생활,우리는 누구로 살아갈까,학교 생활 습관과 학습 습관을 형성하여 안전하고 건강하게 생활한다.,"학교에서 지켜야 할 규칙과 올바른 학습 습관이 필요한 이유와 중요성을 이해하고 스스로 실천하여 습관화하며, 안전하고 건강한 학교생활을 한다.",학교에서 지켜야 할 규칙을 알고 올바른 학습 습관의 필요성을 이해하고 실천하여 안전하고 건강한 학교생활을 한다.,학교에서 지켜야 할 규칙과 올바른 학습 습관의 필요성을 일부 이해하고 실천하여 안전하고 건강한 생활을 하고자 노력한다.,,57
[2바01-02],초등 1~2학년군,바른 생활,우리는 누구로 살아갈까,나를 이해하고 존중하며 생활한다.,"몸과 마음을 소중하게 생각해야 하는 까닭과 필요한 상황을 알고, 나를 이해하고 존중하며 자신감을 가지고 매사에 긍정적인 태도로 자신의 일을 스스로 해결한다.","몸과 마음을 소중하게 생각해 행동해야 하는 상황을 알고, 나에게 긍정적인 태도로 자신의 일을 해결한다.",몸과 마음이 소중함을 알고 자신의 일을 해결하려고 노력한다.,,57
[2바01-03],초등 1~2학년군,바른 생활,우리는 누구로 살아갈까,가족이나 주변 사람을 배려하며 관계를 맺는다.,"타인 존중 및 배려의 의미와 그것이 필요한 상황을 이해하며 가족이나 주변 사람에게 배려와 나눔을 실천하고, 예의를 지키며 감사의 마음을 적극적으로 표현한다.",타인을 존중해야 하는 상황을 이해하고 가족이나 주변 사람에게 배려와 나눔을 실천하며 감사하는 마음을 갖는다.,타인을 존중해야 하는 상황을 구별하고 가족이나 주변 사람에게 배려와 나눔을 실천하려고 노력하며 주변 사람에게 관심을 갖는다.,,57
[2바01-04],초등 1~2학년군,바른 생활,우리는 누구로 살아갈까,생태환경에서 더불어 살기 위해 노력한다.,"우리 주변의 생태환경과 나의 삶과의 관계를 이해하고, 지속가능한 생태환경을 만드는데 필요한 행동을 적극적으로 실천한다.","우리 주변의 생태환경과 나의 삶과의 관계를 이해하고, 지속가능한 생태환경을 만드는데 필요한 행동을 실천한다.",생태환경과 나의 삶과의 관계를 생각해 보며 생태환경을 만들기 위해 실천하려고 노력한다.,,57
[2바02-01],초등 1~2학년군,바른 생활,우리는 어디서 살아갈까,공동체에서 내가 할 수 있는 일을 찾아보고 실천한다.,"우리 집과 학교, 마을이 내가 속한 공동체임을 알고, 공동체 생활에서 내가 할 수 있는 일을 적극적으로 찾아 꾸준히 실천하는 태도를 갖는다.","우리 집과 학교, 마을이 내가 속한 공동체임을 알고, 공동체 생활에서 내가 할 수 있는 일을 찾아 실천한다.","우리 집과 학교, 마을을 위해 내가 할 수 있는 일을 구별하며, 공동체 생활에서 내가 할 수 있는 일을 찾아 실천하려고 노력한다.",,58
[2바02-02],초등 1~2학년군,바른 생활,우리는 어디서 살아갈까,우리나라의 소중함을 알고 사랑하는 마음을 기른다.,"우리나라 상징과 문화에 대하여 이해하고 나라에 대한 긍지를 가지며, 나라를 위해 애쓰신 분들에게 감사하는 마음을 적극적으로 표현하고, 나라를 사랑하는 마음을 갖는다.","우리나라의 상징과 문화에 대하여 이해하고 존중하며, 나라를 위해 애쓰신 분들에게 감사하는 마음을 표현하고, 나라를 사랑하는 마음을 갖는다.","우리나라의 상징과 문화에 대하여 알고, 나라를 위해 애쓰신 분들의 사례를 이해하며, 나라의 소중함을 느낀다.",,58
[2바02-03],초등 1~2학년군,바른 생활,우리는 어디서 살아갈까,차이나 다양성을 서로 존중하면서 생활한다.,"다른 나라의 언어, 의상, 음식 및 놀이 등 다양한 문화에 대하여 호기심을 가지고 조사하며, 서로 다른 문화를 이해하고 차이를 존중하며 공감하는 태도를 갖는다.","다른 나라의 언어, 의상, 음식 및 놀이의 종류를 조사하고, 서로 다른 문화를 존중하고 공감하는 태도를 갖는다.",다른 문화에 대하여 알아보고 서로 다름을 존중하려는 태도를 기르기 위해 노력한다.,,58
[2바02-04],초등 1~2학년군,바른 생활,우리는 어디서 살아갈까,새로운 활동에 호기심을 갖고 도전한다.,"여러 디지털 도구와 매체의 효과적인 활용법을 익혀 우리 주변의 다양한 공간을 탐구하며, 새로운 일에 호기심을 갖고 적극적으로 도전한다.","디지털 도구와 매체의 사용법을 익혀 우리 주변의 다양한 공간에 대하여 알아보며, 새로운 일에 관심을 갖고 도전한다.","디지털 도구와 매체의 사용법을 알기 위해 노력하며 우리 주변의 공간을 살피고, 새로운 일에 관심을 가진다.",,58
[2바03-01],초등 1~2학년군,바른 생활,우리는 지금 어떻게 살아갈까,하루의 가치를 느끼며 지금을 소중히 여긴다.,"생활 습관의 의미와 중요성을 알고, 올바른 하루 생활 습관 계획을 수립하여 실천하며, 자신의 생활을 스스로 관리해 하루를 소중히 여긴다.","생활 습관의 의미와 중요성을 알고, 하루 생활 습관 계획을 수립해 실천한다.","생활 습관의 의미를 알고, 지금을 소중히 여기는 마음가짐을 갖는다.",,59
[2바03-02],초등 1~2학년군,바른 생활,우리는 지금 어떻게 살아갈까,계절의 변화에 대응하며 생활한다.,"계절의 특징과 관련지어 계절에 알맞은 생활 모습을 파악하며, 계절에 따른 생활 모습의 변화가 중요한 이유를 발견해 이를 일상생활에 적용하며 계절 변화에 대응한다.",계절에 따라 알맞은 생활 모습이 달라지는 이유를 알고 중요성을 파악해 일상생활에서 실천한다.,계절에 따라 알맞은 생활 모습의 차이를 구분하며 일상생활에서 계절의 변화에 관심을 갖는다.,,59
[2바03-03],초등 1~2학년군,바른 생활,우리는 지금 어떻게 살아갈까,여러 인물의 삶을 통해 공동체성을 기른다.,"함께 사는 삶을 위해 노력한 인물을 조사해 훌륭한 점을 살펴보며, 공동체를 위해 우리가 할 수 있는 일을 구체적으로 찾아 실천한다.",함께 사는 삶을 위해 노력한 인물에 대해 알아보고 공동체를 위해 우리가 할 수 있는 일을 실천한다.,함께 사는 삶을 위해 노력한 인물을 알고 공동체를 위해 우리가 할 수 있는 일을 실천하려고 노력한다.,,59
[2바03-04],초등 1~2학년군,바른 생활,우리는 지금 어떻게 살아갈까,공동체 속에서 지속가능성을 위한 삶의 방식을 찾아 실천한다.,"자원 절약 등 공동체 생활에 필요한 생활 태도의 중요성을 이해하고, 지속가능성을 위한 삶의 방식을 탐색하여 생활 속에서 실천한다.","자원 절약 등 공동체 속의 생활 태도를 알고, 지속가능성을 위한 생활 방식을 찾아 실천한다.","자원 절약 등 공동체 속의 생활 태도를 구별하고, 생활 속에서 실천하고자 노력한다.",,59
[2바04-01],초등 1~2학년군,바른 생활,우리는 무엇을 하며 살아갈까,모두를 위한 생활환경을 만드는 데 참여한다.,"생활에서 불편함을 겪는 사람들의 사례를 통해 당사자들의 어려움을 발견하고 공감하며, 개선하기 위한 방법을 탐색하고 실천한다.","생활에서 불편함을 겪는 사람들의 사례를 통해 당사자들의 어려움에 관심을 가지고, 개선 방법을 찾아 실천한다.","생활에서 불편함을 겪는 사람들이 있다는 것을 알고, 당사자들의 어려움에 대해 관심을 가진다.",,60
[2바04-02],초등 1~2학년군,바른 생활,우리는 무엇을 하며 살아갈까,다양한 생각이나 의견에 대해 개방적인 태도를 형성한다.,"개방적인 태도로 소통해야 하는 이유와 방법, 필요한 상황을 정확하게 이해하고, 상대를 존중하며 소통한다.",개방적인 태도로 소통해야 하는 이유와 방법을 알고 상대와 소통한다.,"나와 상대의 의견이 다를 수 있음을 알고, 다른 사람의 생각이나 의견을 경청하려고 노력한다.",,60
[2바04-03],초등 1~2학년군,바른 생활,우리는 무엇을 하며 살아갈까,여럿이 하는 활동에 관심을 갖고 자발적으로 협력한다.,"다른 사람과 협력하는 삶의 의미와 협력하며 살아가야 하는 까닭을 이해하고, 여럿이 함께 하는 활동에 관심을 가지며 자발적으로 협력한다.","다른 사람과 협력하며 살아가야 하는 까닭을 이해하고, 여럿이 함께 하는 활동에 협력한다.","다른 사람과 협력하며 살아가는 삶의 필요성을 알고, 여럿이 함께 하는 활동에서 협력하려고 노력한다.",,60
[2바04-04],초등 1~2학년군,바른 생활,우리는 무엇을 하며 살아갈까,지금까지의 생활 습관과 학습 습관을 되돌아본다.,올바른 생활 습관과 학습 습관이 무엇인지 알아보고 자신의 습관을 스스로 점검한 후 더 나아지기 위한 계획을 세운다.,올바른 생활 습관과 학습 습관이 무엇인지 알고 자신의 습관을 점검하여 되돌아보고 반성한다.,올바른 생활 습관과 학습 습관이 무엇인지 관심을 갖고 자신의 습관과 관련지어 생각한다.,,60
[2슬01-01],초등 1~2학년군,슬기로운 생활,우리는 누구로 살아갈까?,학교 안팎의 모습과 생활을 탐색하며 안전한 학교 생활을 한다.,"학교 안팎의 다양한 시설의 이름과 모습을 파악하고, 학교 안팎에서의 생활 모습을 탐색하며, 안전 수칙을 익혀 안전하게 생활한다.","학교 안팎의 주요 시설을 알고, 학교 안팎에서의 생활 모습을 관찰하며, 안전하게 생활하는 태도를 기른다.","학교 안팎의 주요 시설을 둘러보고, 학교 안팎에서의 생활 모습을 살펴보며, 안전하게 생활하고자 노력한다.",,70
[2슬01-02],초등 1~2학년군,슬기로운 생활,우리는 누구로 살아갈까?,나를 탐색하여 나에 대해 설명한다.,내가 무엇을 잘하고 무엇을 좋아하는지 알아보는 탐색 활동에 적극 참여하여 나’에 대해 알게 된 내용을 다른 사람에게 구체적으로 설명한다.,내가 무엇을 잘하고 무엇을 좋아하는지 알아보는 탐색 활동에 참여하며 나’에 대해 알게 된 내용을 말한다.,"내가 잘하거나 좋아하는 것은 무엇인지 탐색하며, 나’에 대해 관심을 가진다.",,70
[2슬01-03],초등 1~2학년군,슬기로운 생활,우리는 누구로 살아갈까?,가족이나 주변 사람에게 관심을 갖고 함께 살아가는 모습을 탐구한다.,"가족, 친구, 선생님, 이웃 등 나를 둘러싼 주변 사람들에 관심을 가지며 그 관계에 대해 이해하고, 이들이 함께 살아가는 모습을 적극적으로 탐구한다.","나의 가족이나 친구 등 주변 사람들을 알고 관심을 가지며, 이들이 함께 살아가는 모습을 조사한다.","나의 가족이나 친구들에게 관심을 가지고, 이들이 살아가는 모습을 살펴본다.",,70
[2슬01-04],초등 1~2학년군,슬기로운 생활,우리는 누구로 살아갈까?,"사람과 자연, 동식물이 어우러져 사는 생태를 탐구한다.","인간은 동식물과 함께하는 자연 생태의 일부임을 알고, 사람과 자연, 동식물이 어우러져 사는 생태에 대해 호기심을 갖고 탐구한다.","인간은 동식물과 함께 자연 속에서 살아감을 알고, 사람과 자연, 동식물이 어우러져 사는 생태의 모습을 조사한다.","인간은 자연 속에서 살아감을 알고, 주변의 동식물을 살펴본다.",,70
[2슬02-01],초등 1~2학년군,슬기로운 생활,우리는 어디서 살아갈까,우리가 살고 있는 마을과 사람들이 생활하는 모습을 살펴본다.,"우리가 사는 마을의 모습과 마을 사람들이 하는 일을 적극적으로 살펴 사람들의 생활 모습을 파악하며, 마을에서 안전한 장소와 도움을 청할 수 있는 장소를 확인하여 소개한다.","우리가 사는 마을의 모습과 사람들의 생활 모습을 살펴보고 사람들이 하는 일을 파악하며, 마을에서 안전한 장소와 도움을 청할 수 있는 곳을 찾아본다.","우리가 사는 마을의 모습과 마을 사람들이 하는 일을 살펴보고, 마을의 안전을 지켜주는 곳과 도움을 청할 수 있는 곳에 관심을 갖는다.",,71
[2슬02-02],초등 1~2학년군,슬기로운 생활,우리는 어디서 살아갈까,우리나라의 모습이나 문화를 조사한다.,"우리나라의 모습과 상징 및 특징, 문화에 대해 조사하여 그 내용을 이해하고, 나라를 사랑하는 마음을 갖는다.","우리나라의 문화에 대해 조사하여 그 내용을 이해하고, 우리나라의 소중함을 깨닫는다.","우리나라의 모습과 상징을 조사하여 주요 내용을 이해하고, 우리나라에 관심을 갖는다.",,71
[2슬02-03],초등 1~2학년군,슬기로운 생활,우리는 어디서 살아갈까,알고 싶은 나라를 탐구하며 다른 나라에 관심을 갖는다.,"알고 싶은 나라를 선택하여 다양한 방법으로 탐구하며, 나라마다 가진 문화의 차이를 이해하고 존중하는 태도를 갖는다.","알고 싶은 나라에 대해 탐구하고, 그 나라의 문화를 존중하는 태도를 갖는다.","알고 싶은 나라를 떠올리고 그 나라에 대해 조사하며, 다른 나라에 관심을 갖는 태도를 기른다.",,71
[2슬02-04],초등 1~2학년군,슬기로운 생활,우리는 어디서 살아갈까,궁금한 세계를 다양한 매체로 탐색한다.,"우주, 바닷속, 땅속, 가상 공간 등 궁금한 세계에 대해 흥미를 가지고 다양한 매체를 활용하여 탐색하며, 새로운 것에 호기심을 갖고 탐구하는 태도를 가진다.","우주, 바닷속, 땅속, 가상 공간 등 궁금한 세계에 흥미를 가지고 매체를 활용하여 탐색하며, 새로운 것에 호기심을 가진다.","우주, 바닷속, 땅속, 가상 공간 등 궁금한 세계에 대해 상상하고, 매체를 활용하여 관련 내용을 확인하려는 태도를 지닌다.",,71
[2슬03-01],초등 1~2학년군,슬기로운 생활,우리는 지금 어떻게 살아갈까,하루의 변화와 사람들이 하루를 살아가는 모습을 탐색한다.,"하루의 변화를 이해하고 하루 동안 사람들의 생활 모습을 탐색하며, 나의 하루와 비교하여 같은 시각 사람들은 무엇을 하고 있을지 구체적으로 예측한다.","하루의 변화를 알고 하루 동안 사람들의 생활 모습을 탐색하며, 같은 시각 사람들은 무엇을 하고 있을지 예측한다.",하루의 변화를 알고 하루 동안 사람들의 생활 모습을 살펴보며 같은 시각 사람들은 무엇을 하고 있을지 관심을 가진다.,,72
[2슬03-02],초등 1~2학년군,슬기로운 생활,우리는 지금 어떻게 살아갈까,계절과 생활의 관계를 탐구한다.,"계절의 변화에 따라 영향을 받는 생활 모습을 자료(그림이나 표 등)로 파악하고, 기초적인 탐구과정에 따라 계절의 변화에 영향을 받는 사람들의 생활 모습을 탐구한다.","계절의 변화에 따라 영향을 받는 생활 모습을 알고, 계절의 변화에 따른 사람들의 생활 모습을 조사한다.","계절의 변화에 따라 영향을 받는 생활 모습을 알고, 계절별 사람들의 생활 모습을 살펴본다.",,72
[2슬03-03],초등 1~2학년군,슬기로운 생활,우리는 지금 어떻게 살아갈까,관심 있는 대상의 과거와 현재를 살펴보고 미래를 상상한다.,"내가 관심을 갖는 대상의 특징을 이해하고, 이 대상이 과거부터 현재까지 어떻게 변화해왔는지를 탐구하며, 이를 바탕으로 미래에는 어떻게 변화할지 상상한다.","내가 관심을 가진 대상이 과거부터 현재까지 변화해온 모습을 살펴보며, 미래에는 어떻게 달라질지 상상한다.","내가 관심을 가진 대상의 과거와 현재의 모습을 살펴보며, 미래의 모습에 관심을 가진다.",,72
[2슬03-04],초등 1~2학년군,슬기로운 생활,우리는 지금 어떻게 살아갈까,우리의 생활과 관련된 지속가능성의 다양한 사례를 찾고 탐색한다.,"우리 생활과 관련된 지속가능성의 사례를 찾아 삶과 연관지어 파악하고, 지속가능한 삶을 위해 내가 할 수 있는 일을 다양하게 탐색한다.","우리 생활과 관련된 지속가능성의 사례를 파악하고, 지속가능한 삶을 위해 내가 할 수 있는 일을 탐색한다.","우리 생활과 관련된 지속가능성의 사례를 알고, 지속가능한 삶을 위해 내가 할 수 있는 일을 떠올린다.",,72
[2슬04-01],초등 1~2학년군,슬기로운 생활,우리는 무엇을 하며 살아갈까,생활도구의 모양이나 기능을 탐색하고 바꾸어본다.,"생활에 필요한 다양한 도구의 모양과 기능, 쓰임새를 탐색하며, 생활 도구를 새롭게 바꾸어 보고, 대상을 바라보는 여러 가지 관점을 수용하는 태도를 갖는다.","생활에 필요한 도구의 모양과 기능을 알아보고, 생활 도구를 새롭게 바꿔보며, 대상을 바라보는 여러 가지 관점을 수용하려고 노력한다.","생활에 필요한 도구에는 무엇이 있는지 알고, 생활도구의 모양이나 기능의 일부를 바꾸어보며 대상을 바라보는 여러 가지 관점이 있음을 느낀다.",,73
[2슬04-02],초등 1~2학년군,슬기로운 생활,우리는 무엇을 하며 살아갈까,상상한 것을 다양한 매체와 재료로 구현한다.,"대상을 떠올리며 엉뚱하고 기발하게 상상하고, 매체의 정확한 사용법과 재료의 특징을 파악하여 상상한 것을 창의적으로 구현한다.","대상을 떠올리며 다양하게 상상하고, 매체의 기초적인 사용법과 재료의 특징을 파악하여 상상한 것을 구현한다.","대상을 떠올리며 상상하고, 주어진 매체와 재료를 활용하여 상상한 것을 구현한다.",,73
[2슬04-03],초등 1~2학년군,슬기로운 생활,우리는 무엇을 하며 살아갈까,경험한 것 중에서 관심 있는 주제를 정하고 조사한다.,"자신이 경험한 것들을 연결 지어 이해하고, 관심 있는 주제를 정해 다양한 매체를 바르게 활용하여 조사한다.","자신이 경험한 것들의 내용을 비교하며, 관심 있는 주제를 정해 매체를 활용하여 조사한다.","자신이 경험한 내용을 떠올리고, 주제를 정해 매체를 활용하여 조사한다.",,73
[2슬04-04],초등 1~2학년군,슬기로운 생활,우리는 무엇을 하며 살아갈까,배운 것과 배울 것을 연결하며 앞으로의 배움을 상상한다.,이번 학년에서 배운 것을 이해하고 다음 학년에서 배울 내용과 연결하여 앞으로의 배움에 관심과 흥미를 가진다.,이번 학년에서 배운 것을 알고 다음 학년에서 배울 내용과 연결하며 앞으로의 배움에 관심을 가진다.,이번 학년에서 배운 것을 떠올리고 다음 학년에서의 배움을 상상하며 관심을 가진다.,,73
[2즐01-01],초등 1~2학년군,즐거운 생활,우리는 누구로 살아갈까,"즐겁게 놀이하며, 건강하고 안전하게 생활한다.",놀이 장소의 안전 상황을 명확하게 파악하고 놀이 규칙을 적극적으로 준수하여 창의적으로 놀이 활동에 참여한다.,놀이 장소의 안전 상황을 살피고 놀이 규칙을 준수하여 놀이 활동에 참여한다.,안전한 놀이 장소의 중요성을 알고 놀이 활동에 참여한다.,,81
[2즐01-02],초등 1~2학년군,즐거운 생활,우리는 누구로 살아갈까,놀이하며 내 몸의 움직임이나 감각을 느낀다.,신체를 이용한 여러 가지 놀이를 수행하며 자신의 신체 움직임과 감각을 인식하고 다양한 놀이에 적극적으로 참여한다.,신체를 이용한 놀이를 수행하고 자신의 신체 움직임과 감각을 인식하며 놀이 활동에 참여한다.,자신의 신체 변화와 몸의 움직임을 느끼고 놀이 활동에 참여한다.,,81
[2즐01-03],초등 1~2학년군,즐거운 생활,우리는 누구로 살아갈까,가족이나 주변 사람과 소통하며 어울린다.,"가족, 친구, 이웃 등 주변 사람들에 대해 관심을 가지고 존중하는 태도로 서로 의견을 주고받으며 함께 활동한다.","가족, 친구, 이웃 등 주변 사람들에 대해 관심을 가지고 서로 의견을 주고받으며 함께 활동한다.","가족, 친구, 이웃 등 주변 사람들과 이야기를 나누며 함께 활동한다.",,81
[2즐01-04],초등 1~2학년군,즐거운 생활,우리는 누구로 살아갈까,우리를 둘러싼 자연의 아름다움을 감상한다.,계절의 변화를 인식하고 일상 속 자연이 주는 아름다움을 적극적으로 감상하고 표현한다.,계절의 변화를 알고 일상 속 자연의 아름다움에 대한 감상을 표현한다.,자연의 아름다움에 대한 자신의 느낌을 간단히 표현한다.,,81
[2즐02-01],초등 1~2학년군,즐거운 생활,우리는 어디서 살아갈까,내가 참여할 수 있는 문화 예술을 향유한다.,"자신이 참여할 수 있는 놀이, 표현, 감상 활동을 명확히 이해해 일상생활 속 문화 예술 활동에 적극적으로 참여하며 즐긴다.","자신이 참여할 수 있는 놀이, 표현, 감상 활동을 알고 일상생활 속 문화 예술 활동에 참여한다.","자신이 참여할 수 있는 놀이, 표현, 감상 활동을 알고 일상생활에서 즐긴다.",,82
[2즐02-02],초등 1~2학년군,즐거운 생활,우리는 어디서 살아갈까,우리나라의 문화 예술을 즐긴다.,우리나라 문화 예술에 대해 흥미와 호기심을 가지고 적극적인 태도로 문화 예술 활동에 즐겁게 스스로 참여한다.,우리나라 문화 예술에 대해 관심을 가지고 문화 예술 활동에 참여한다.,우리나라 문화 예술을 경험하고 문화 예술 활동에 참여한다.,,82
[2즐02-03],초등 1~2학년군,즐거운 생활,우리는 어디서 살아갈까,다른 나라의 문화 예술을 체험한다.,다른 나라 문화 예술의 다양한 특징을 알고 즐겁게 경험하며 각 나라의 문화 다양성을 존중한다.,다른 나라 문화 예술의 특징을 알고 경험하며 각 나라의 문화 다양성을 존중한다.,다른 나라의 문화 예술을 경험하며 각 나라의 문화 다양성을 인식한다.,,82
[2즐02-04],초등 1~2학년군,즐거운 생활,우리는 어디서 살아갈까,다양한 세상을 상상하고 표현한다.,다양한 세상의 영역을 자세하게 파악하고 창의적인 생각과 폭넓은 상상을 통해 자신의 생각을 적극적으로 표현한다.,다양한 세상의 영역을 파악하고 폭넓은 상상을 통해 자신의 생각을 표현한다.,다양한 세상의 영역을 알고 자신의 생각을 표현한다.,,82
[2즐03-01],초등 1~2학년군,즐거운 생활,우리는 지금 어떻게 살아갈까?,하루를 건강하고 활기차게 지낸다.,"건강을 위해 자신이 실천할 수 있는 운동과 생활 습관을 알고, 건강하고 활기차게 생활하기 위한 다양한 습관을 형성한다.","건강에 도움이 되는 운동과 생활 습관을 알고, 건강하고 활기차게 생활하기 위한 습관을 형성한다.","건강이 운동과 생활 습관에 영향을 받음을 알고, 건강하고 활기차게 생활하기 위한 습관을 기르기 위해 노력한다.",,83
[2즐03-02],초등 1~2학년군,즐거운 생활,우리는 지금 어떻게 살아갈까?,자연의 변화를 느끼며 놀이한다.,"날씨와 계절의 변화에 따른 놀이의 차이를 이해하고, 자연이 변화하는 특징을 살려 놀이한다.","날씨와 계절에 따라 달라지는 놀이의 다양한 사례를 알고, 자연의 특징을 살려 놀이한다.","날씨와 계절에 따라 놀이가 달라진다는 것을 알고, 자연에 대한 놀이를 한다.",,83
[2즐03-03],초등 1~2학년군,즐거운 생활,우리는 지금 어떻게 살아갈까?,전통문화를 새롭게 표현한다.,"전통문화를 창의적으로 해석하여 주제를 표현하며, 전통문화를 소중히 여긴다.","전통문화를 반영하여 주제를 표현하며, 전통문화의 중요성을 느낀다.","전통문화와 관련된 내용을 포함하여 표현하며, 전통문화의 중요성을 느낀다.",,83
[2즐03-04],초등 1~2학년군,즐거운 생활,우리는 지금 어떻게 살아갈까?,안전과 안녕을 위한 아동의 권리가 있음을 알고 누린다.,"아동 권리를 일상 장면에 적용하고, 다양한 상황에서 적용되는 아동 권리를 효과적으로 표현하며, 안전하고 안녕한 생활을 일상화한다.","아동 권리를 보호하는 사례를 알고, 다양한 상황에서 적용되는 아동 권리를 표현하며, 안전하고 안녕한 생활을 일상화하고자 한다.","아동 권리의 의미에 대해 알고, 일부 상황에서 적용되는 아동 권리를 표현하며, 안전하고 안녕한 생활을 하기 위해 노력한다.",,83
[2즐04-01],초등 1~2학년군,즐거운 생활,우리는 무엇을 하며 살아갈까,주변의 물건을 활용하여 놀잇감을 만든다.,제작의 즐거움을 느끼며 주변의 다양한 재료의 특징을 고려하여 창의적으로 놀잇감을 만든다.,제작에 관심을 보이며 주변의 다양한 재료의 특징을 고려하여 놀잇감을 만든다.,제작에 참여하여 주변의 재료를 활용해 놀잇감을 만든다.,,84
[2즐04-02],초등 1~2학년군,즐거운 생활,우리는 무엇을 하며 살아갈까,자유롭게 상상하며 놀이한다.,"상황에 어울리는 창의적인 방식으로 놀이하고, 자유롭게 상상하는 활동에 몰입하여 참여한다.","상황에 어울리는 방식으로 놀이하고, 자유롭게 상상하는 활동에 관심을 갖고 참여한다.","상황에 따라 놀이를 하고, 자유롭게 상상하는 활동에 참여한다.",,84
[2즐04-03],초등 1~2학년군,즐거운 생활,우리는 무엇을 하며 살아갈까,생각이나 느낌을 살려 전시나 공연 활동을 한다.,"주제에 대한 다른 사람의 다양한 생각과 느낌을 이해하고, 여럿의 생각과 느낌을 살려 창의적으로 전시나 공연을 준비해 적극적으로 수행한다.","주제에 대한 생각과 느낌이 사람마다 다를 수 있음을 알고, 생각과 느낌이 드러나도록 전시나 공연을 준비하고 수행한다.","주제에 대한 자신의 생각과 느낌을 알고, 전시나 공연을 준비하고 수행하는 과제에 소극적으로 참여한다.",,84
[2즐04-04],초등 1~2학년군,즐거운 생활,우리는 무엇을 하며 살아갈까,기억에 남는 경험을 떠올리며 의미를 부여한다.,"시간의 연속성에 대해 이해하고, 과거의 경험을 토대로 앞으로 하고 싶은 일을 떠올리며, 과거의 경험에 의미를 부여하고 미래를 기대한다.","과거·현재·미래의 관계에 대해 이해하고, 과거의 일과 가까운 미래에 하고 싶은 일을 떠올리며, 과거의 경험에 대해 감정을 느끼고 미래를 기대한다.","시간을 나타내는 말을 알고, 과거의 일을 떠올리며 감정을 느낀다.",,84
[4국01-01],초등 3~4학년군,국어,듣기·말하기,중요한 내용과 주제를 파악하며 듣고 그 내용을 요약한다.,"중요한 내용과 주제를 정확하게 파악하며 듣고, 중심 내용과 세부 내용을 구분하여 자신의 언어로 요약할 수 있다.","중요한 내용과 주제를 파악하며 듣고, 중심 내용과 세부 내용을 구분하여 요약할 수 있다.","중요한 내용과 주제의 일부를 파악하며 듣고, 자신이 파악한 내용을 중심으로 요약한다.",,21
[4국01-02],초등 3~4학년군,국어,듣기·말하기,원인과 결과의 관계를 고려하여 내용을 예측하며 듣고 말한다.,"원인과 결과의 관계를 올바르게 고려하여 이어질 내용을 예측하며 듣고, 원인과 결과가 분명히 드러나게 말할 수 있다.","원인과 결과의 관계를 고려하여 이어질 내용을 예측하며 듣고, 원인과 결과가 드러나게 말할 수 있다.","원인과 결과의 관계를 알고 이어질 내용을 부분적으로 예측하며 듣고, 원인이나 결과가 일부 드러나게 말한다.",,21
[4국01-03],초등 3~4학년군,국어,듣기·말하기,상황에 적절한 준언어·비언어적 표현을 활용하여 듣고 말한다.,담화 상황에 적절한 준언어·비언어적 표현을 활용하여 의미를 효과적으로 전달하고 이해하며 듣고 말할 수 있다.,담화 상황에 적절한 준언어·비언어적 표현을 활용하여 의미를 전달하고 이해하며 듣고 말할 수 있다.,담화 상황에서 준언어·비언어적 표현을 일부 활용하여 듣고 말한다.,,21
[4국01-04],초등 3~4학년군,국어,듣기·말하기,상황과 상대의 입장을 이해하고 예의를 지키며 대화한다.,"상황과 상대의 입장을 정확히 이해하고, 상대를 배려하는 표현을 적극적으로 활용하여 예의를 지키며 대화할 수 있다.","상황과 상대의 입장을 이해하고, 상대를 배려하는 표현을 사용하여 예의를 지키며 대화할 수 있다.","상황과 상대의 입장을 부분적으로 이해하고, 일부 상황에서 예의를 지키며 대화한다.",,21
[4국01-05],초등 3~4학년군,국어,듣기·말하기,목적과 주제에 알맞게 자료를 정리하여 자신감 있게 발표한다.,"주어진 자료에서 발표 목적과 주제에 알맞은 내용을 중심으로 발표 내용을 정리하고, 발표 전 연습을 통해 점검한 사항을 바탕으로 자신감 있게 발표할 수 있다.","주어진 자료에서 발표 목적과 주제에 알맞은 내용을 중심으로 발표 내용을 정리하고, 자신감 있게 발표할 수 있다.","주어진 자료에서 발표 목적과 주제를 부분적으로 고려하여 발표 내용을 정리하고, 이를 나열하는 수준에서 발표한다.",,22
[4국01-06],초등 3~4학년군,국어,듣기·말하기,주제에 적절한 의견과 이유를 제시하고 서로의 생각을 교환하며 토의한다.,"주제에 적절한 의견과 타당한 이유를 분명하게 제시하고, 서로의 생각을 적극적으로 교환하며 다른 사람을 존중하는 태도로 토의에 참여할 수 있다.","주제에 적절한 의견과 이유를 제시하고, 서로의 생각을 교환하며 다른 사람을 존중하는 태도로 토의에 참여할 수 있다.","주제에 대한 의견과 이유를 일부 제시하고, 서로의 생각을 부분적으로 묻고 답하며 토의에 참여한다.",,22
[4국02-01],초등 3~4학년군,국어,읽기,글의 의미를 파악하며 유창하게 글을 읽는다.,"글의 의미를 정확하게 파악하고, 글의 의미를 효과적으로 표현하는 방법을 사용하여 유창하게 소리 내어 글을 읽을 수 있다.","글의 의미를 파악하고, 글의 의미를 효과적으로 표현하는 방법을 사용하여 유창하게 글을 읽을 수 있다.",글의 의미를 부분적으로 파악하며 글을 소리 내어 읽는다.,,23
[4국02-02],초등 3~4학년군,국어,읽기,문단과 글에서 중심 생각을 파악하고 내용을 간추린다.,"문단별로 중요 단어와 중심 문장을 정확하게 파악하고, 문단별 중심 내용을 통합하여 글의 중심 생각을 파악할 수 있으며, 이를 자신의 말로 바꾸어 간추릴 수 있다.","문단별로 중요 단어와 중심 문장을 파악하고, 문단별 중심 내용을 통합하여 글의 중심 생각을 파악할 수 있으며, 이를 간추릴 수 있다.","문단별 중심 내용을 일부 파악하고, 글의 중심 생각을 부분적으로 파악하여 이를 간추린다.",,23
[4국02-03],초등 3~4학년군,국어,읽기,질문을 활용하여 글을 예측하며 읽고 자신의 읽기 과정을 점검한다.,질문을 활용하여 글의 의미나 내용을 예측하며 읽고 글에 대한 이해 수준과 읽기 과정에서 겪는 어려움을 적극적으로 점검하며 읽을 수 있다.,질문을 활용하여 글의 내용을 예측하며 읽고 자신의 읽기 과정에서 겪는 어려움을 점검할 수 있다.,질문을 활용하여 부분적으로 글을 예측하며 읽고 자신의 읽기 과정에서 겪는 어려움을 일부 점검한다.,,23
[4국02-04],초등 3~4학년군,국어,읽기,글에 나타난 사실과 의견을 구분하고 필자와 자신의 의견을 비교한다.,글에 나타난 사실과 의견을 구분하고 의견에 대한 타당성 평가를 바탕으로 필자와 자신의 의견을 적극적으로 비교할 수 있다.,글에 나타난 사실과 의견을 구분하고 필자의 의견을 일방적으로 수용하지 않고 자신의 의견을 비교할 수 있다.,"글에 나타난 사실과 의견을 부분적으로 구분하고, 필자와 자신의 의견을 일부 비교한다.",,23
[4국02-05],초등 3~4학년군,국어,읽기,글이나 자료의 출처가 믿을 만한지 판단한다.,글이나 자료를 찾아 읽을 때 출처를 정확하게 확인하고 평가 기준에 따라 출처가 믿을 만한지 능동적으로 판단할 수 있다.,글이나 자료를 찾아 읽을 때 출처를 확인하고 평가 기준에 따라 출처가 믿을 만한지 판단할 수 있다.,글이나 자료를 찾아 읽을 때 출처를 일부 확인하고 출처가 믿을 만한지 부분적으로 판단한다.,,23
[4국02-06],초등 3~4학년군,국어,읽기,바람직한 읽기 습관을 형성하고 읽기에 대한 자신감을 기른다.,"다양한 읽기 활동에 적극적으로 참여하면서 바람직한 읽기 습관을 형성하고, 읽기에 대한 자신감을 갖는다.","읽기 경험을 통해 바람직한 읽기 습관을 형성하고, 읽기에 대한 자신감을 기를 수 있다.",바람직한 읽기 습관과 읽기에 대한 자신감의 형성이 제한적이다.,,23
[4국03-01],초등 3~4학년군,국어,쓰기,"중심 문장과 뒷받침 문장을 갖추어 문단을 쓰고, 문장과 문단을 중심으로 고쳐 쓴다.","중심 문장과 뒷받침 문장을 갖추어 문단을 짜임새 있게 쓸 수 있고, 문장과 문단을 중심으로 글의 내용과 표현을 효과적으로 고쳐 쓸 수 있다.","중심 문장과 뒷받침 문장을 갖추어 문단을 쓸 수 있고, 문장과 문단을 중심으로 글의 내용과 표현을 고쳐 쓸 수 있다.","중심 문장이 있는 문단을 쓰고, 문장을 중심으로 글의 내용이나 표현을 일부 고쳐 쓴다.",,24
[4국03-02],초등 3~4학년군,국어,쓰기,절차와 결과가 드러나게 정확한 표현으로 보고하는 글을 쓴다.,"절차와 결과가 드러나게 글의 내용을 짜임새 있게 조직하고, 사실에 기반한 내용을 간결하고 정확한 표현으로 보고하는 글을 쓸 수 있다.",절차와 결과가 드러나게 글의 내용을 조직하고 사실에 기반한 내용과 정확한 표현으로 보고하는 글을 쓸 수 있다.,절차와 결과가 부분적으로 드러나게 글의 내용을 조직하고 일부 정확한 표현을 사용하여 보고하는 글을 쓴다.,,24
[4국03-03],초등 3~4학년군,국어,쓰기,대상에 대한 자신의 의견과 그렇게 생각한 이유가 드러나게 글을 쓴다.,대상에 대해 자신의 의견을 제시하고 의견을 뒷받침하는 이유가 명료하게 드러나도록 글을 쓸 수 있다.,대상에 대해 자신의 의견을 제시하고 의견을 뒷받침하는 이유를 들어 글을 쓸 수 있다.,대상에 대해 자신의 의견을 제한적으로 제시하거나 의견에 대한 이유가 부분적으로 드러나게 글을 쓴다.,,24
[4국03-04],초등 3~4학년군,국어,쓰기,목적과 주제를 고려하여 독자에게 마음을 전하는 글을 쓴다.,목적과 주제와 같은 상황 맥락을 전체적으로 고려하여 독자에게 마음을 전하는 글을 쓸 수 있다.,목적과 주제와 같은 상황 맥락을 고려하여 독자에게 마음을 전하는 글을 쓸 수 있다.,목적 또는 주제를 부분적으로 고려하여 독자에게 마음을 전하는 글을 쓴다.,,24
[4국03-05],초등 3~4학년군,국어,쓰기,자신의 쓰기 과정을 점검하며 쓰기에 자신감을 갖는다.,"자신의 쓰기 과정을 능동적으로 점검하여 글의 내용과 표현을 수정·보완할 수 있고, 다양한 유형의 글을 쓰면서 쓰기에 자신감을 갖는다.","자신의 쓰기 과정을 점검하여 글의 내용이나 표현을 수정·보완할 수 있고, 다양한 유형의 글을 쓰면서 쓰기에 자신감을 갖는다.","자신의 쓰기 과정을 제한적으로 점검하고, 일부 유형의 글을 쓰면서 쓰기에 자신감을 갖는다.",,24
[4국04-01],초등 3~4학년군,국어,문법,단어와 단어 간의 의미 관계를 파악한다.,다양한 단어 간의 의미 관계를 종합적으로 분석할 수 있다.,단어와 단어 간의 의미 관계를 이해할 수 있다.,단어와 단어 간의 의미 관계를 제한적으로 이해한다.,,25
[4국04-02],초등 3~4학년군,국어,문법,단어를 분류하고 국어사전을 활용하여 능동적인 국어 활동을 한다.,단어를 다양한 기준에 따라 분류하고 국어사전의 정보를 종합적으로 활용하여 능동적인 국어 활동을 할 수 있다.,단어를 분류하고 국어사전의 정보를 활용하여 국어 활동을 할 수 있다.,단어의 분류 기준을 확인하고 국어사전의 정보를 일부 활용하여 국어 활동을 한다.,,25
[4국04-03],초등 3~4학년군,국어,문법,기본적인 문장의 짜임을 이해하고 적절하게 사용한다.,다양한 문장에서 기본적인 문장의 짜임을 분석하고 여러 가지 짜임의 문장을 적절하게 사용할 수 있다.,기본적인 문장의 짜임을 이해하고 여러 가지 짜임의 문장을 사용할 수 있다.,기본적인 문장의 짜임을 제한적으로 이해하고 사용한다.,,25
[4국04-04],초등 3~4학년군,국어,문법,글과 담화에 쓰인 높임 표현과 지시·접속 표현을 이해하고 상황에 맞게 표현한다.,글과 담화에 쓰인 다양한 높임 표현과 지시·접속 표현을 분석하고 적절한 표현을 상황에 따라 효과적으로 활용할 수 있다.,글과 담화에 쓰인 다양한 높임 표현과 지시·접속 표현을 이해하고 이를 상황에 따라 표현할 수 있다.,글과 담화에 쓰인 높임 표현과 지시·접속 표현을 확인하고 일부를 상황에 따라 제한적으로 표현한다.,,25
[4국04-05],초등 3~4학년군,국어,문법,언어가 의사소통과 관계 형성의 수단임을 이해하고 국어를 소중히 여기는 태도를 지닌다.,언어가 의사소통과 관계 형성의 수단임을 종합적으로 이해하고 국어를 소중히 여기는 태도를 내면화한다.,언어가 의사소통과 관계 형성의 수단임을 이해하고 국어의 소중함을 인식하는 태도를 지닌다.,언어가 의사소통과 관계 형성의 수단임을 확인하고 국어의 소중함에 관심을 가진다.,,25
[4국05-01],초등 3~4학년군,국어,문학,인물과 이야기의 흐름을 중심으로 작품을 감상한다.,인물과 이야기의 흐름을 적절하게 파악하며 작품을 능동적으로 감상할 수 있다.,인물과 이야기의 흐름을 파악하며 작품을 감상할 수 있다.,인물과 이야기의 흐름에 관심을 가지며 작품을 감상한다.,,26
[4국05-02],초등 3~4학년군,국어,문학,자신의 경험을 바탕으로 작품 속 세계와 현실 세계를 비교하여 작품을 감상한다.,자신의 경험을 바탕으로 작품 속 세계와 현실 세계의 공통점이나 차이점을 구체적으로 비교하고 작품에 대한 의견을 나누며 적극적으로 감상할 수 있다.,자신의 경험을 바탕으로 작품 속 세계와 현실 세계의 공통점이나 차이점을 비교하며 작품을 감상할 수 있다.,자신의 경험을 바탕으로 작품 속 세계와 현실 세계의 공통점이나 차이점을 부분적으로 비교하며 작품을 감상한다.,,26
[4국05-03],초등 3~4학년군,국어,문학,작품을 듣거나 읽고 마음에 드는 작품을 소개한다.,작품을 듣거나 읽고 작품이 마음에 든 이유를 구체적으로 말하며 작품을 자세하게 소개할 수 있다.,작품을 듣거나 읽고 작품이 마음에 든 이유를 말하며 작품을 소개할 수 있다.,작품을 듣거나 읽고 작품에서 마음에 드는 부분을 일부 말한다.,,26
[4국05-04],초등 3~4학년군,국어,문학,"감각적 표현에 유의하여 작품을 감상하고, 감각적 표현을 활용하여 자신의 생각이나 감정을 표현한다.","감각적 표현의 특성과 효과를 파악하며 작품을 감상하고, 감각적 표현을 적절하게 활용하여 자신의 생각이나 감정을 적극적으로 표현할 수 있다.","감각적 표현의 특성을 파악하며 작품을 감상하고, 감각적 표현을 활용하여 자신의 생각이나 감정을 표현할 수 있다.","감각적 표현의 특성을 부분적으로 파악하며 작품을 감상하고, 감각적 표현을 활용하여 자신의 생각이나 감정을 간단하게 표현한다.",,26
[4국05-05],초등 3~4학년군,국어,문학,재미나 감동을 느끼며 작품을 즐겨 감상하는 태도를 지닌다.,재미나 감동을 느끼며 작품을 적극적으로 찾아 읽고 즐겨 감상하는 태도를 지닌다.,재미나 감동을 느끼며 작품을 읽고 즐기는 태도를 지닌다.,주어진 작품을 읽고 재미나 감동을 느끼는 태도를 지닌다.,,26
[4국06-01],초등 3~4학년군,국어,매체,인터넷에서 학습에 필요한 다양한 자료를 탐색하고 목적에 맞게 자료를 선택한다.,학습 상황에 필요한 다양한 자료를 인터넷에서 효과적으로 탐색하고 목적에 적합한 자료를 선택하여 활용할 수 있다.,학습 상황에 필요한 다양한 자료를 인터넷에서 탐색하고 목적에 적합한 자료를 선택할 수 있다.,학습에 필요한 자료를 인터넷에서 탐색한다.,,27
[4국06-02],초등 3~4학년군,국어,매체,매체를 활용하여 간단한 발표 자료를 만든다.,다양한 매체를 활용하여 간단한 발표 자료를 짜임새 있게 만들 수 있다.,매체를 활용하여 간단한 발표 자료를 만들 수 있다.,매체를 활용하여 발표 자료의 일부를 만든다.,,27
[4국06-03],초등 3~4학년군,국어,매체,매체 소통 윤리를 고려하여 매체 자료를 활용하고 공유한다.,매체 소통 윤리를 이해하고 이를 지키며 매체 자료를 적극적으로 활용하고 공유할 수 있다.,기본적인 매체 소통 윤리를 이해하면서 매체 자료를 활용하고 공유할 수 있다.,매체 소통 윤리를 부분적으로 이해하면서 매체 자료를 일부 활용하거나 공유한다.,,27
[4사01-01],초등 3~4학년군,사회,우리가 사는 곳,"주변 여러 장소에서의 경험과 느낌을 다양한 방식으로 표현하고, 장소감을 나누며 서로 존중하는 태도를 지닌다.","주변 여러 장소에서의 경험과 느낌을 다양한 방식으로 표현하며 주변 장소에 관심을 가지고, 다른 사람과 장소감을 비교하며 서로 다른 장소감을 존중하는 태도를 가진다.","주변 여러 장소에서의 경험과 느낌을 다양한 방식으로 표현하고, 다른 사람의 장소감을 관찰하며 서로 다른 장소감을 존중하는 태도를 가진다.","주변 여러 장소에서의 경험과 느낌을 표현하고, 다른 사람의 장소감을 관찰하며 서로 다른 장소감의 차이를 발견할 수 있다.",,38
[4사01-02],초등 3~4학년군,사회,우리가 사는 곳,"주변의 여러 장소를 살펴보고, 우리가 사는 곳을 더 살기 좋은 곳으로 만드는 방안을 탐색한다.","주변 여러 장소를 조사하여 좋은 점과 불편한 점을 구분하고, 살기 좋은 곳의 조건을 분석하여 우리가 사는 곳을 더 살기 좋은 곳으로 만드는 방법을 제안할 수 있다.","주변의 여러 장소를 조사하여 좋은 점과 불편한 점을 구분하고, 우리가 사는 곳을 더 살기 좋은 곳으로 만드는 방법을 제시할 수 있다.","주변의 여러 장소를 조사하여, 좋은 점과 불편한 점을 나열할 수 있다.",,38
[4사02-01],초등 3~4학년군,사회,일상에서 만나는 과거,"일상 속에서 시간의 흐름을 경험할 수 있는 사례를 살펴보고, 이를 바탕으로 역사의 시간 개념을 이해한다.",일상 속에서 시간의 흐름을 경험할 수 있는 사례를 분석하여 역사의 시간 개념을 탐구하고 시간의 흐름 속에서 자신의 위치를 확인할 수 있다.,일상 속에서 시간의 흐름을 경험할 수 있는 사례를 찾아보고 이를 바탕으로 역사의 시간 개념을 설명할 수 있다.,일상 속에서 시간의 흐름을 경험할 수 있는 사례를 찾을 수 있다.,,38
[4사02-02],초등 3~4학년군,사회,일상에서 만나는 과거,"오래된 물건이나 자료들을 주변에서 찾아보고, 이를 통해 과거의 모습을 살펴볼 수 있음을 이해한다.","주변에서 오래된 물건이나 자료들을 찾아보며 과거의 모습을 탐색하고, 역사가 증거를 바탕으로 구성된다는 것을 추정할 수 있다.","주변에서 오래된 물건이나 자료들을 찾아보고, 이들이 과거의 모습을 알려주는 증거임을 짐작하여 설명할 수 있다.",주변에서 과거의 모습을 살펴볼 수 있는 오래된 물건이나 자료들을 찾을 수 있다.,,38
[4사02-03],초등 3~4학년군,사회,일상에서 만나는 과거,지역의 변화상을 보여주는 역사 자료를 분석하여 지역 사람들의 달라진 생활 모습을 파악한다.,지역의 변화상을 보여주는 다양한 역사 자료를 선정하고 분석하여 지역 사람들의 달라진 생활 모습을 유추할 수 있다.,지역의 변화상을 보여주는 역사 자료를 조사하여 지역 사람들의 달라진 생활 모습을 비교할 수 있다.,지역의 변화상을 보여주는 역사 자료를 통해 지역 사람들의 달라진 생활 모습을 찾을 수 있다.,,39
[4사03-01],초등 3~4학년군,사회,사회 변화와 다양한 문화,"최근 사회 변화의 양상과 특징을 파악하고, 그로 인해 나타난 생활모습의 변화를 탐색한다.","사례를 통해 최근 사회 변화의 양상과 특징을 도출하고, 그로 인해 변화한 생활모습을 분석할 수 있다.","최근 사회 변화의 양상과 특징을 분석하고, 그로 인해 변화한 생활모습을 설명할 수 있다.",최근 사회 변화의 양상과 특징을 생활모습의 변화와 관련지어 나열할 수 있다.,,39
[4사03-02],초등 3~4학년군,사회,사회 변화와 다양한 문화,"우리 사회에 다양한 문화가 확산되면서 나타나는 긍정적 효과와 문제를 분석하고, 나와 다른 사람이나 집단의 문화를 존중하는 태도를 기른다.","다양한 자료를 통해 우리 사회에 다양한 문화가 확산되면서 나타나는 긍정적 효과와 문제를 도출하고, 나와 다른 사람이나 집단의 문화를 존중할 수 있다.","우리 사회에 다양한 문화가 확산되면서 나타나는 긍정적 효과와 문제를 분석하고, 나와 다른 사람이나 집단의 문화를 존중하는 태도를 가진다.","우리 사회에 다양한 문화가 확산되면서 나타나는 긍정적 효과와 문제를 나열하고, 나와 다른 사람의 문화를 존중해야 함을 안다.",,39
[4사04-01],초등 3~4학년군,사회,옛날과 오늘날의 생활 모습,"옛날 풍습에 대해 알아보고, 오늘날과 비교하여 변화상을 파악한다.","옛날 풍습을 조사하고, 오늘날과 비교하여 변화상을 분석할 수 있다.","옛날 풍습을 살펴보고, 오늘날과 비교하여 변화상을 제시할 수 있다.","옛날 풍습의 종류를 설명하고, 오늘날의 풍습과 비교할 수 있다.",,39
[4사04-02],초등 3~4학년군,사회,옛날과 오늘날의 생활 모습,옛날부터 오늘날까지 교통의 변화에 따른 이동과 생활 모습의 변화를 이해한다.,옛날부터 오늘날까지 교통의 변화에 따른 이동과 생활 모습의 변화를 일상생활의 경험과 관련지어 탐구할 수 있다.,옛날부터 오늘날까지 교통의 변화에 따른 이동과 생활 모습의 변화를 설명할 수 있다.,옛날부터 오늘날까지 교통의 변화에 따라 이동 수단이 달라졌음을 말할 수 있다.,,39
[4사04-03],초등 3~4학년군,사회,옛날과 오늘날의 생활 모습,옛날부터 오늘날까지 통신수단의 변화에 따른 정보 교류와 의사소통 방식의 변화를 설명한다.,옛날부터 오늘날까지 통신수단의 변화에 따른 정보 교류와 의사소통 방식의 변화를 일상생활의 경험과 관련지어 탐구할 수 있다.,옛날부터 오늘날까지 통신수단의 변화에 따른 정보 교류와 의사소통 방식의 변화를 설명할 수 있다.,옛날부터 오늘날까지 통신수단의 변화에 따라 정보 교류와 의사소통 방식이 달라졌음을 짐작하여 말할 수 있다.,,40
[4사05-01],초등 3~4학년군,사회,지도로 만나는 우리 지역,"우리 지역을 표현한 다양한 종류의 지도를 찾아보고, 지도의 요소를 이해한다.","우리 지역을 표현한 다양한 지도의 종류와 기능을 분석하고 지도에 나타난 요소의 의미와 쓰임을 설명하며, 실생활에서 지도를 활용할 수 있다.","우리 지역을 표현한 다양한 종류의 지도를 조사하고, 지도에 나타난 요소가 의미하는 바를 설명할 수 있다.","우리 지역을 표현한 다양한 종류의 지도를 보고, 지도의 요소를 구별할 수 있다.",,40
[4사05-02],초등 3~4학년군,사회,지도로 만나는 우리 지역,"지도에서 우리 지역의 위치를 파악하고, 우리 지역의 지리 정보를 탐색한다.","지도를 통해 우리 지역의 위치 특성을 분석하고, 우리 지역의 지리 정보를 조사하여 우리 지역의 특징을 다른 지역과 비교하여 설명할 수 있다.","지도에서 우리 지역의 위치를 확인하고, 우리 지역의 지리 정보를 조사하여 우리 지역의 특징을 설명할 수 있다.","지도에서 우리 지역의 위치를 찾고, 우리 지역의 지리 정보를 조사할 수 있다.",,40
[4사06-01],초등 3~4학년군,사회,우리 지역의 문화유산,"지역의 문화유산을 통해 문화유산의 의미와 유형을 알아보고, 문화유산의 가치를 탐색한다.","지역의 문화유산을 통해 문화유산의 의미, 유형, 가치를 탐구하고, 문화유산의 가치를 탐색하여 문화유산을 보존하려는 태도를 가진다.","지역의 문화유산을 통해 문화유산의 의미와 유형을 설명하고, 문화유산의 가치를 찾아 문화유산을 지키려는 태도를 가진다.","지역의 문화유산을 통해 문화유산의 의미와 유형을 탐색하고, 문화유산에 관심을 가진다.",,41
[4사06-02],초등 3~4학년군,사회,우리 지역의 문화유산,"지역의 박물관, 기념관, 유적지 등을 체험하고 지역의 역사를 이해한다.","지역의 박물관, 기념관, 유적지 등을 체험하며 다양한 역사적 사실을 탐구하고 지역의 역사를 지키려는 태도를 가진다.","지역의 박물관, 기념관, 유적지 등을 체험하며 알게 된 역사적 사실을 설명하고 지역의 역사에 지속적으로 관심을 가진다.","지역의 박물관, 기념관, 유적지 등을 살펴보며 지역의 역사에 관심을 가진다.",,41
[4사07-01],초등 3~4학년군,사회,경제활동과 지역 간 교류,"자원의 희소성으로 인해 경제활동에서 선택의 문제가 발생함을 이해하고, 경제활동에서 합리적 선택의 방법을 탐색한다.","자원의 희소성으로 인해 경제활동에서 선택의 문제가 발생하는 사례를 조사하고, 경제활동에서 합리적 선택의 방법을 실천할 수 있다.","자원의 희소성으로 인해 경제활동에서 선택의 문제가 발생함을 설명하고, 경제활동에서 합리적 선택의 방법을 탐색할 수 있다.",자원의 희소성으로 인해 경제활동에서 선택의 문제가 발생함을 말할 수 있다.,,41
[4사07-02],초등 3~4학년군,사회,경제활동과 지역 간 교류,"생산과 소비 활동을 파악하고, 인적·물적 교류의 사례를 통해 각 지역 및 사람들이 상호 의존 관계를 맺고 있음을 탐색한다.","사례를 통해 생산과 소비 활동을 분석하고, 여러 인적·물적 교류의 사례를 조사하여 각 지역 및 사람들이 상호 의존 관계를 맺고 있음을 도출할 수 있다.","사례를 통해 생산과 소비 활동을 구분하고, 인적·물적 교류의 사례를 통해 각 지역 및 사람들이 상호 의존 관계에 있음을 설명할 수 있다.","생산과 소비 활동을 구분하고, 인적·물적 교류의 사례를 조사할 수 있다.",,41
[4사08-01],초등 3~4학년군,사회,민주주의와 자치,"학교 자치 사례를 통하여 민주주의의 의미를 이해하고, 학교생활에서 민주주의를 실천하는 능력을 기른다.","학교 자치 활동의 사례를 조사하여 민주주의의 의미를 도출하고, 학교생활에서 민주주의를 실천하는 데 참여할 수 있다.","학교 자치 활동의 사례를 통하여 민주주의의 의미를 설명하고, 학교생활에서 민주주의를 실천하는 데 관심을 가진다.","학교 자치 활동의 사례를 통하여 민주주의의 의미를 제시하고, 학교생활에서 민주주의를 실천하고자 노력한다.",,42
[4사08-02],초등 3~4학년군,사회,민주주의와 자치,"지역에서 이루어지는 민주주의 사례를 통해 주민 자치와 주민 참여의 중요성을 파악하고, 지역사회의 문제 해결에 참여하는 태도를 기른다.","지역에서 이루어지는 민주주의의 사례를 통해 주민 자치와 주민 참여의 중요성을 설명하고, 지역사회에서 발생하는 문제를 조사하고 해결하기 위해 노력한다.","지역에서 이루어지는 민주주의의 사례를 통해 주민 자치와 주민 참여의 중요성을 파악하고, 지역사회에서 발생하는 문제와 이에 대한 해결에 관심을 가진다.","지역에서 이루어지는 민주주의의 사례를 통해 주민 자치와 주민 참여의 중요성을 파악하고, 지역사회에서 발생하는 문제에 주의를 기울인다.",,42
[4사09-01],초등 3~4학년군,사회,지역문제를 해결하고 지역을 알리는 노력,"생활 주변에서 찾을 수 있는 여러 가지 문제를 파악하고, 그 문제를 합리적으로 해결하는 능력을 기른다.","생활 주변에서 찾을 수 있는 지역의 여러 가지 문제를 조사하고, 그 문제를 합리적으로 해결하는 방안을 근거를 들어 제안할 수 있다.","생활 주변에서 찾을 수 있는 지역의 여러 가지 문제를 파악하고, 그 문제를 합리적으로 해결하기 위한 방안을 탐색할 수 있다.",생활 주변에서 찾을 수 있는 여러 가지 문제를 제시하고 문제 해결에 관심을 가진다.,,42
[4사09-02],초등 3~4학년군,사회,지역문제를 해결하고 지역을 알리는 노력,"지역의 자연환경, 역사, 문화, 생산물 등을 알리려는 지역사회의 노력을 알고 관심을 갖는다.","지역의 자연환경, 역사, 문화, 생산물 등을 알리려는 지역사회의 여러 활동을 조사하고, 지역사회의 노력에 다양한 방식으로 참여할 수 있다.","지역의 자연환경, 역사, 문화, 생산물 등을 알리려는 지역사회의 활동을 조사하고, 지역사회의 노력에 지속적으로 관심을 가진다.","지역의 자연환경, 역사, 문화, 생산물 등을 알리려는 지역사회의 활동을 탐색할 수 있다.",,42
[4사10-01],초등 3~4학년군,사회,다양한 환경과 삶의 모습,"여러 지역의 자연환경과 인문환경의 특징을 살펴보고, 환경의 이용과 개발에 따른 변화를 탐구한다.","여러 지역의 자연환경과 인문환경을 분석하여 특징을 파악하고, 개발과 보전에 관한 균형 있는 관점을 바탕으로 환경의 이용과 개발에 따른 변화를 설명할 수 있다.","여러 지역의 자연환경과 인문환경을 조사하여 우리 지역과의 유사점과 차이점을 발견하고, 환경의 이용과 개발에 따른 변화를 설명할 수 있다.","여러 지역의 자연환경과 인문환경을 조사하여 다양한 환경의 모습을 확인하고, 환경의 이용과 개발에 따른 변화를 살펴볼 수 있다.",,43
[4사10-02],초등 3~4학년군,사회,다양한 환경과 삶의 모습,"사례에서 도시의 인구, 교통, 산업 등의 특징을 탐구하고, 도시에서의 삶의 모습을 이해한다.","우리나라 여러 도시의 사례를 분석하여 도시의 인구, 교통, 산업 등의 특징을 도출하고, 도시 생활의 장점과 단점을 중심으로 도시에서의 삶의 모습을 설명할 수 있다.","우리나라 여러 도시의 인구, 교통, 산업의 특징을 조사하고, 도시 생활의 장점과 단점을 설명할 수 있다.","우리나라 여러 도시의 인구, 교통, 산업의 특징을 찾을 수 있고, 도시에서의 생활 모습을 말할 수 있다.",,43
[4도01-01],초등 3~4학년군,도덕,자신과의 관계,자신의 감정을 소중히 여기며 존중하는 태도를 바탕으로 내가 누구인가를 탐구한다.,자신의 감정을 꾸준히 존중하는 태도를 바탕으로 내가 누구인가를 다각도로 탐구한다.,자신의 감정을 존중하는 태도를 바탕으로 내가 누구인가를 탐구한다.,자신의 감정에 관심을 가지고 내가 누구인가를 탐구하려고 노력한다.,,55
[4도01-02],초등 3~4학년군,도덕,자신과의 관계,정직의 의미를 알고 모범적인 사례를 탐색하여 바르게 행동하려는 태도를 기른다.,정직의 의미를 포괄적으로 이해하고 다양한 모범 사례를 탐색하여 생활 전반에서 바르게 행동하려는 태도를 기른다.,정직의 의미를 이해하고 모범 사례를 탐색하여 바르게 행동하려는 태도를 기른다.,정직의 의미를 단편적으로 이해하고 모범 사례 탐색에 관심을 가지며 바르게 행동하려는 태도를 기르고자 노력한다.,,55
[4도01-03],초등 3~4학년군,도덕,자신과의 관계,성실한 생활의 모범 사례를 탐색하고 시간 관리를 위한 생활을 계획하여 지속적인 자기 성장을 모색한다.,성실한 생활의 다양한 모범 사례를 탐색하고 생활 전반에 걸쳐 시간 관리를 위한 생활 계획을 세우며 지속적인 자기 성장을 모색한다.,성실한 생활의 모범 사례를 탐색하고 시간 관리를 위한 생활 계획을 세우며 자기 성장을 모색한다.,성실한 생활의 모범 사례를 인식하고 시간 관리를 위한 생활 계획을 세우려 노력하며 자기 성장에 관심을 가진다.,,55
[4도01-04],초등 3~4학년군,도덕,자신과의 관계,다른 사람의 관점을 수용할 수 있는지를 도덕적으로 검토하고 도덕규범을 내면화하여 도덕적으로 행동할 수 있는 자세를 기른다.,다른 사람의 관점을 수용할 수 있는지를 도덕적으로 검토하며 생활 전반에서 도덕규범을 내면화하여 도덕적으로 행동할 수 있는 자세를 가진다.,다른 사람의 관점을 수용할 수 있는지를 도덕적으로 검토하며 도덕규범을 내면화하여 도덕적으로 행동할 수 있는 자세를 가진다.,다른 사람의 관점을 수용할 수 있는지를 검토하려고 노력하며 도덕규범에 관심을 가지고 도덕적으로 행동하려고 노력한다.,,55
[4도02-01],초등 3~4학년군,도덕,타인과의 관계,"효, 우애의 의미와 필요성을 명료하게 이해하고 가족의 행복을 위해 할 수 있는 일을 탐색하여 실천 계획을 세운다.","효, 우애의 의미와 필요성에 대해 명료하게 이해하고 가족의 행복을 위해 자신이 할 수 있는 다양한 일을 탐색하여 실천 계획을 세운다.","효, 우애의 의미와 필요성에 대해 이해하고 가족의 행복을 위해 자신이 할 수 있는 일을 탐색하여 실천 계획을 세운다.","효, 우애의 의미와 필요성에 대해 대략적으로 이해하고 가족의 행복을 위해 자신이 할 수 있는 일을 탐색하여 실천 계획을 세우는 것에 관심을 가진다.",,56
[4도02-02],초등 3~4학년군,도덕,타인과의 관계,친구 사이의 배려에 대한 올바른 이해를 바탕으로 일상생활에서 배려에 기반한 도덕적 관계를 맺을 수 있는 방안을 탐색한다.,친구 사이의 배려에 대한 올바른 이해를 바탕으로 일상생활에서 배려에 기반한 도덕적 관계를 맺을 수 있는 방안을 다각도로 탐색한다.,친구 사이의 배려에 대한 올바른 이해를 바탕으로 일상생활에서 배려에 기반한 도덕적 관계를 맺을 수 있는 방안을 탐색한다.,친구 사이의 배려에 대한 이해를 바탕으로 배려에 기반한 도덕적 관계를 맺을 수 있는 방안에 관심을 가진다.,,56
[4도02-03],초등 3~4학년군,도덕,타인과의 관계,공감의 태도가 필요한 이유를 이해하고 도덕적 상상력을 바탕으로 대상과 상황에 따라 감정을 나누는 방법을 탐구하여 실천한다.,타인 공감의 태도가 필요한 이유를 포괄적으로 이해하고 도덕적 상상력을 바탕으로 대상과 상황에 따라 감정 나누는 방법을 다각도로 탐구하여 생활 전반에서 실천한다.,타인 공감의 태도가 필요한 이유를 이해하고 도덕적 상상력을 바탕으로 대상과 상황에 따라 감정 나누는 방법을 탐구하여 실천한다.,타인 공감의 태도가 필요한 이유를 단편적으로 이해하고 도덕적 상상력을 바탕으로 대상과 상황에 따라 감정 나누는 방법에 관심을 가지고 실천하려고 노력한다.,,56
[4도03-01],초등 3~4학년군,도덕,사회·공동체와의 관계,"불공정의 사례를 탐구하고, 일상생활에서 공정의 가치를 추구하는 활동을 통해 실천 의지를 함양한다.",불공정의 사례를 다각도로 탐구하고 일상생활에서 공정의 가치를 추구하는 활동을 통해 적극적인 실천 의지를 가진다.,불공정의 사례를 탐구하고 일상생활에서 공정의 가치를 추구하는 활동을 통해 실천 의지를 가진다.,불공정의 사례를 인식하고 일상생활에서 공정의 가치를 추구하는 활동에 관심을 가진다.,,56
[4도03-02],초등 3~4학년군,도덕,사회·공동체와의 관계,"디지털 사회에서 발생하는 다양한 문제를 살펴보고, 해결 방안을 탐구하여 정보통신 윤리에 대한 민감성을 기른다.",디지털 사회에서 발생하는 다양한 문제를 살펴보고 해결 방안을 다각도로 탐구하여 정보통신 윤리에 대한 민감성을 가진다.,디지털 사회에서 발생하는 문제를 살펴보고 해결 방안을 탐구하여 정보통신 윤리에 대한 민감성을 가진다.,디지털 사회에서 발생하는 문제를 살펴보고 해결 방안에 관심을 가지며 정보통신 윤리에 대한 민감성을 기르고자 노력한다.,,56
[4도03-03],초등 3~4학년군,도덕,사회·공동체와의 관계,"통일의 필요성을 이해하고, 통일 감수성을 길러 바람직한 통일의 방향을 모색한다.",통일의 필요성에 대해 전반적으로 이해하고 통일 감수성을 길러 바람직한 통일의 방향을 다각도로 모색한다.,통일의 필요성에 대해 이해하고 통일 감수성을 길러 바람직한 통일의 방향을 모색한다.,통일의 필요성에 대해 부분적으로 이해하고 통일 감수성을 기르고자 노력하여 바람직한 통일의 방향에 관심을 가진다.,,57
[4도04-01],초등 3~4학년군,도덕,자연과의 관계,생명 경시 사례를 조사하고 문제 해결 방법을 탐구함으로써 생명의 소중함을 이해한다.,다양한 생명 경시 사례를 조사하고 문제 해결 방법을 다각도로 탐구함으로써 생명의 소중함을 포괄적으로 이해한다.,생명 경시 사례를 조사하고 문제 해결 방법을 탐구함으로써 생명의 소중함을 이해한다.,생명 경시 사례에 관심을 가짐으로써 생명의 소중함을 단편적으로 이해한다.,,57
[4도04-02],초등 3~4학년군,도덕,자연과의 관계,인간과 자연이 함께 살아야 하는 이유를 이해하고 공생을 위한 구체적인 실천 계획을 세우며 생태 감수성을 기른다.,인간과 자연이 함께 살아야 하는 이유를 포괄적으로 이해하고 자연과의 공생을 위한 구체적인 실천 계획을 다양하게 수립하며 생태 감수성을 기른다.,인간과 자연이 함께 살아야 하는 이유를 이해하고 자연과의 공생을 위한 구체적인 실천 계획을 세우며 생태 감수성을 기른다.,인간과 자연이 함께 살아야 하는 이유를 단편적으로 이해하고 자연과의 공생을 위한 실천 계획을 세우는 것에 관심을 가지며 생태 감수성을 기르고자 노력한다.,,57
[4수01-01],초등 3~4학년군,수학,수와 연산,"큰 수의 필요성을 인식하면서 10000 이상의 큰 수에 대한 자릿값과 위치적 기수법을 이해하고, 수를 읽고 쓸 수 있다.","실생활에서 큰 수의 필요성을 설명하고, 10000 이상의 수를 각 자리의 숫자가 나타내는 수들의 합으로 나타내며, 수를 읽고 쓸 수 있다.","실생활에서 큰 수의 필요성을 알고, 10000 이상의 수에서 각 자리의 숫자가 나타내는 수를 말하며, 수를 읽고 쓸 수 있다.","실생활에서 큰 수가 사용됨을 알고, 수 카드, 자릿값 카드 등을 이용하여 10000 이상의 수에서 각 자리의 숫자가 나타내는 수를 알고, 수를 읽고 쓸 수 있다.",,65
[4수01-02],초등 3~4학년군,수학,수와 연산,"다섯 자리 이상의 수의 범위에서 수의 계열을 이해하고, 수의 크기를 비교하며 그 방법을 설명할 수 있다.","수의 계열에 대한 이해를 바탕으로 다섯 자리 이상의 수를 여러 가지 방법으로 세며, 수의 크기를 비교하고 그 방법을 설명할 수 있다.","다섯 자리 이상의 수를 만, 억, 조씩 뛰어 세면서 수의 계열을 이해하고, 수의 크기를 비교할 수 있다.","안내된 절차에 따라 다섯 자리 이상의 수를 뛰어 세고, 간단한 두 수의 크기를 비교할 수 있다.",,65
[4수01-03],초등 3~4학년군,수학,수와 연산,세 자리 수의 덧셈과 뺄셈의 계산 원리를 이해하고 그 계산을 할 수 있다.,"받아올림이 있는 (세 자리 수)+(세 자리 수)와 받아내림이 있는 (세 자리 수)-(세 자리 수)를 계산하고, 그 계산 원리를 설명할 수 있다.","받아올림이 있는 (세 자리 수)+(세 자리 수)와 받아내림이 있는 (세 자리 수)-(세 자리 수)의 계산 원리를 이해하고, 그 계산을 할 수 있다.",안내된 절차에 따라 받아올림이 있는 (세 자리 수)+(세 자리 수)와 받아내림이 있는 (세 자리 수)-(세 자리 수)의 간단한 계산을 할 수 있다.,,65
[4수01-04],초등 3~4학년군,수학,수와 연산,곱하는 수가 한 자리 수 또는 두 자리 수인 곱셈의 계산 원리를 이해하고 그 계산을 할 수 있다.,"(두 자리 수)×(한 자리 수), (세 자리 수)×(한 자리 수), (두 자리 수)×(두 자리 수), (세 자리 수)×(두 자리 수)를 계산하고, 그 계산 원리를 설명할 수 있다.","(두 자리 수)×(한 자리 수), (세 자리 수)×(한 자리 수), (두 자리 수)×(두 자리 수), (세 자리 수)×(두 자리 수)의 계산 원리를 이해하고, 그 계산을 할 수 있다.","안내된 절차에 따라 (두 자리 수)×(한 자리 수), (두 자리 수)×(두 자리 수)의 간단한 계산을 할 수 있다.",,66
[4수01-05],초등 3~4학년군,수학,수와 연산,"나눗셈이 이루어지는 실생활 상황과 연결하여 나눗셈의 의미를 알고, 곱셈과 나눗셈의 관계를 이해한다.","나눗셈이 이루어지는 실생활 상황과 연결하여 나눗셈의 의미를 설명하고, 한 가지 상황을 곱셈식과 나눗셈식으로 나타내어 곱셈과 나눗셈의 관계를 설명할 수 있다.","나눗셈이 이루어지는 실생활 상황과 연결하여 나눗셈의 의미를 이해하고, 이를 나눗셈식으로 나타내며, 한 가지 상황을 곱셈식과 나눗셈식으로 나타낼 수 있다.","안내된 절차에 따라 나눗셈이 이루어지는 실생활 상황을 나눗셈식으로 나타내고, 곱셈식을 나눗셈식으로, 나눗셈식을 곱셈식으로 나타낼 수 있다.",,66
[4수01-06],초등 3~4학년군,수학,수와 연산,"나누는 수가 한 자리 수인 나눗셈의 계산 원리를 이해하고 그 계산을 할 수 있으며, 나눗셈에서 몫과 나머지의 의미를 안다.","나누는 수가 한 자리 수인 나눗셈을 계산하여 몫과 나머지를 구하고, 나눗셈에서 몫과 나머지의 의미와 계산 원리를 설명할 수 있다.","나누는 수가 한 자리 수인 나눗셈의 계산 원리를 이해하고, 그 계산을 하여 몫과 나머지를 구할 수 있다.",안내된 절차에 따라 나누는 수가 한 자리 수인 나눗셈을 하여 몫과 나머지를 구할 수 있다.,,66
[4수01-07],초등 3~4학년군,수학,수와 연산,나누는 수가 두 자리 수인 나눗셈의 계산 원리를 이해하고 그 계산을 할 수 있다.,"(두 자리 수)÷(두 자리 수)와 (세 자리 수)÷(두 자리 수)를 계산하고, 그 계산 원리를 설명할 수 있다.","(두 자리 수)÷(두 자리 수)와 (세 자리 수)÷(두 자리 수)의 계산 원리를 이해하고, 그 계산을 할 수 있다.",안내된 절차에 따라 (두 자리 수)÷(두 자리 수)와 (세 자리 수)÷(두 자리 수)의 간단한 계산을 할 수 있다.,,66
[4수01-08],초등 3~4학년군,수학,수와 연산,"자연수의 덧셈, 뺄셈, 곱셈, 나눗셈과 관련한 여러 가지 상황에서 어림셈을 할 수 있다.","자연수의 덧셈, 뺄셈, 곱셈, 나눗셈에서 계산 결과를 어림하며, 어림셈을 이용하여 계산 결과가 타당한지를 확인하고, 실생활 문제를 해결할 수 있다.","자연수의 덧셈, 뺄셈, 곱셈, 나눗셈에서 계산 결과를 어림하며, 어림셈을 이용하여 계산 결과가 타당한지를 확인할 수 있다.","안내된 절차에 따라 간단한 자연수의 덧셈, 뺄셈, 곱셈, 나눗셈의 계산 결과를 어림할 수 있다.",,67
[4수01-09],초등 3~4학년군,수학,수와 연산,"양의 등분할을 통하여 분수의 필요성을 인식하고, 분수를 이해하고 읽고 쓸 수 있다.","양의 등분할을 이용하여 분수의 필요성과 의미를 설명하고, 분수를 읽고 쓸 수 있다.","양의 등분할을 통하여 분수의 필요성과 의미를 알고, 분수를 읽고 쓸 수 있다.",안내된 절차에 따라 분모와 분자를 구별하여 분수를 읽고 쓸 수 있다.,,67
[4수01-10],초등 3~4학년군,수학,수와 연산,"단위분수, 진분수, 가분수, 대분수를 알고, 그 관계를 이해한다.","단위분수, 진분수, 가분수, 대분수의 관계를 설명하고, 가분수를 대분수로, 대분수를 가분수로 나타낼 수 있다.","단위분수, 진분수, 가분수, 대분수를 알고, 가분수를 대분수로, 대분수를 가분수로 나타낼 수 있다.","안내된 절차에 따라 단위분수, 진분수, 가분수, 대분수를 구분하고, 가분수를 대분수로, 대분수를 가분수로 나타낼 수 있다.",,67
[4수01-11],초등 3~4학년군,수학,수와 연산,"분모가 같은 분수끼리, 단위분수끼리 크기를 비교하고 그 방법을 설명할 수 있다.","분모가 같은 분수끼리, 단위분수끼리 크기를 비교하고, 그 방법을 설명할 수 있다.","분모가 같은 분수끼리, 단위분수끼리 크기를 비교할 수 있다.","구체물이나 그림을 보고 분모가 같은 분수끼리, 단위분수끼리 크기를 직관적으로 비교할 수 있다.",,67
[4수01-12],초등 3~4학년군,수학,수와 연산,분모가 10인 진분수와 연결하여 소수 한 자리 수를 이해하고 읽고 쓸 수 있다.,"분모가 10인 진분수를 소수 한 자리 수로 나타내고 읽고 쓰며, 실생활에서 소수가 활용되는 사례를 찾아 소수의 필요성을 말할 수 있다.","분모가 10인 진분수를 소수 한 자리 수로 나타내고 읽고 쓰며, 실생활에서 소수가 활용되는 사례를 찾을 수 있다.","임을 알고, 소수 한 자리 수를 읽고 쓸 수 있다.",,68
[4수01-13],초등 3~4학년군,수학,수와 연산,자릿값의 원리를 바탕으로 소수 두 자리 수와 소수 세 자리 수를 이해하고 읽고 쓸 수 있다.,"소수 두 자리 수와 소수 세 자리 수에서 자릿값의 원리를 설명하고, 소수를 읽고 쓸 수 있다.","소수 두 자리 수와 소수 세 자리 수에서 자릿값의 원리를 이해하고, 소수를 읽고 쓸 수 있다.","안내된 절차에 따라 분모가 100, 1000인 분수를 소수로 나타내고, 그 소수를 읽을 수 있다.",,68
[4수01-14],초등 3~4학년군,수학,수와 연산,소수의 크기를 비교하고 그 방법을 설명할 수 있다.,"여러 가지 소수의 크기를 비교하고, 그 방법을 설명할 수 있다.",여러 가지 소수의 크기를 비교할 수 있다.,구체물이나 그림을 이용하여 소수의 크기를 비교할 수 있다.,,68
[4수01-15],초등 3~4학년군,수학,수와 연산,분모가 같은 분수의 덧셈과 뺄셈의 계산 원리를 이해하고 그 계산을 할 수 있다.,"분모가 같은 분수의 덧셈과 뺄셈을 여러 가지 방법으로 계산하고, 그 계산 원리를 설명할 수 있다.","분모가 같은 분수의 덧셈과 뺄셈의 계산 원리를 이해하고, 그 계산을 할 수 있다.",안내된 절차에 따라 분모가 같은 간단한 분수의 덧셈과 뺄셈을 할 수 있다.,,68
[4수01-16],초등 3~4학년군,수학,수와 연산,소수 두 자리 수의 범위에서 소수의 덧셈과 뺄셈의 계산 원리를 이해하고 그 계산을 할 수 있다.,"소수 두 자리 수의 범위에서 소수의 덧셈과 뺄셈을 계산하고, 그 계산 원리를 설명할 수 있다.","소수 두 자리 수의 범위에서 소수의 덧셈과 뺄셈의 계산 원리를 이해하고, 그 계산을 할 수 있다.",안내된 절차에 따라 소수 두 자리 수의 범위에서 간단한 소수의 덧셈과 뺄셈을 할 수 있다.,,69
[4수02-01],초등 3~4학년군,수학,변화와 관계,"다양한 변화 규칙을 찾아 설명하고, 그 규칙을 수나 식으로 나타낼 수 있다.","여러 가지 배열에서 다양한 변화 규칙을 찾아 수나 식으로 나타내고, 그 방법을 설명할 수 있다.","주어진 배열에서 변화 규칙을 찾아 말하고, 그 규칙을 수나 식으로 나타낼 수 있다.",안내된 절차에 따라 간단한 배열에서 변화 규칙을 찾아 수나 식으로 나타낼 수 있다.,,69
[4수02-02],초등 3~4학년군,수학,변화와 관계,"계산식의 배열에서 규칙을 찾고, 계산 결과를 추측할 수 있다.","계산식의 배열에서 규칙을 찾아 계산 결과를 추측하고, 추측한 계산 결과가 옳은지 확인하여 설명할 수 있다.","계산식의 배열에서 규칙을 찾아 말하고, 계산 결과를 추측할 수 있다.",간단한 계산식의 배열에서 이어질 계산 결과를 추측할 수 있다.,,69
[4수02-03],초등 3~4학년군,수학,변화와 관계,등호를 사용하여 크기가 같은 두 양의 관계를 식으로 나타낼 수 있다.,"등호를 사용하여 크기가 같은 두 양의 관계를 식으로 나타내고, 등호가 사용된 식이 옳은지를 설명할 수 있다.",등호를 사용하여 크기가 같은 두 양의 관계를 식으로 나타낼 수 있다.,안내된 절차에 따라 등호를 사용하여 크기가 같은 두 양의 관계를 식으로 나타낼 수 있다.,,69
[4수03-01],초등 3~4학년군,수학,도형과 측정,"직선, 선분, 반직선을 이해하고 구별할 수 있다.","직선, 선분, 반직선의 예를 제시하고, 그 차이를 설명할 수 있다.","주어진 도형에서 직선, 선분, 반직선을 구별하고, 그 차이를 말할 수 있다.","주어진 도형에서 직선, 선분, 반직선을 구별할 수 있다.",,70
[4수03-02],초등 3~4학년군,수학,도형과 측정,"각과 직각을 이해하고, 직각과 비교하는 활동을 통하여 예각과 둔각을 구별할 수 있다.","각, 직각의 예를 제시하고, 직각과 비교하여 예각과 둔각의 차이를 설명할 수 있다.","주어진 도형에서 각과 직각을 찾고, 여러 가지 각을 직각, 예각, 둔각으로 분류할 수 있다.","주어진 도형에서 각을 찾고, 직각이 있는 구체물을 이용하여 직각, 예각, 둔각을 찾을 수 있다.",,70
[4수03-03],초등 3~4학년군,수학,도형과 측정,직선의 수직 관계와 평행 관계를 이해한다.,"수직 관계인 두 직선이나 평행 관계인 두 직선을 그리고, 그 성질을 설명할 수 있다.","수직과 평행의 의미를 알고, 주어진 그림에서 수직 관계 또는 평행 관계인 직선을 찾을 수 있다.",안내된 절차에 따라 주어진 그림에서 한 직선에 수직 또는 평행인 직선을 찾을 수 있다.,,70
[4수03-04],초등 3~4학년군,수학,도형과 측정,"구체물이나 평면도형의 밀기, 뒤집기, 돌리기 활동을 통하여 그 변화를 이해한다.","구체물이나 평면도형의 밀기, 뒤집기, 돌리기를 한 결과를 예상하고, 위치나 방향의 변화를 설명할 수 있다.","구체물이나 평면도형의 밀기, 뒤집기, 돌리기를 하고, 위치나 방향의 변화를 말할 수 있다.","간단한 구체물이나 평면도형의 밀기, 뒤집기, 돌리기를 하고, 그 결과를 그림으로 나타낼 수 있다.",,70
[4수03-05],초등 3~4학년군,수학,도형과 측정,평면에서 점의 이동에 대해 위치와 방향을 이용하여 설명할 수 있다.,"평면에서 점을 이동하고, 그 결과를 위치와 방향의 용어(위, 아래, 오른쪽, 왼쪽, ~칸, ~cm 등)를 사용하여 여러 가지 방법으로 설명할 수 있다.","평면에서 점의 이동을 위치와 방향의 용어(위, 아래, 오른쪽, 왼쪽, ~칸, ~cm 등)를 사용하여 말할 수 있다.",안내된 절차에 따라 주어진 점을 위치와 방향에 맞게 이동할 수 있다.,,70
[4수03-06],초등 3~4학년군,수학,도형과 측정,"원의 중심, 반지름, 지름을 이해하고, 그 성질을 안다.","원의 중심, 반지름, 지름에 대한 이해를 바탕으로 원의 여러 가지 성질을 찾아 설명할 수 있다.","원의 중심, 반지름, 지름을 이해하고, 이를 이용하여 원의 성질을 찾을 수 있다.","주어진 원에서 원의 중심, 반지름, 지름을 찾을 수 있다.",,71
[4수03-07],초등 3~4학년군,수학,도형과 측정,컴퍼스를 이용하여 여러 가지 크기의 원을 그릴 수 있다.,"컴퍼스를 이용하여 여러 가지 크기의 원을 그리고, 원의 중심, 반지름, 지름을 이용하여 그 방법을 설명할 수 있다.",컴퍼스를 이용하여 주어진 원과 크기가 같은 원을 그릴 수 있다.,컴퍼스를 이용하여 원을 그릴 수 있다.,,71
[4수03-08],초등 3~4학년군,수학,도형과 측정,"여러 가지 모양의 삼각형에 대한 분류 활동을 통하여 이등변삼각형, 정삼각형을 이해하고, 그 성질을 탐구하고 설명할 수 있다.","여러 가지 삼각형을 분류하는 활동을 통하여 이등변삼각형과 정삼각형을 구분하고, 각각의 성질을 설명할 수 있다.","주어진 삼각형에서 이등변삼각형과 정삼각형을 찾고, 각각의 성질을 말할 수 있다.",구체적 조작 활동을 통하여 주어진 삼각형에서 이등변삼각형과 정삼각형을 찾을 수 있다.,,71
[4수03-09],초등 3~4학년군,수학,도형과 측정,"여러 가지 모양의 삼각형에 대한 분류 활동을 통하여 직각삼각형, 예각삼각형, 둔각삼각형을 이해한다.","여러 가지 삼각형을 분류하는 활동을 통하여 직각삼각형, 예각삼각형, 둔각삼각형을 구분하고, 그 차이를 설명할 수 있다.","주어진 삼각형을 직각삼각형, 예각삼각형, 둔각삼각형으로 구분할 수 있다.","구체적 조작 활동을 통하여 주어진 삼각형에서 직각삼각형, 예각삼각형, 둔각삼각형을 찾을 수 있다.",,71
[4수03-10],초등 3~4학년군,수학,도형과 측정,"여러 가지 모양의 사각형에 대한 분류 활동을 통하여 직사각형, 정사각형, 사다리꼴, 평행사변형, 마름모를 이해하고, 그 성질을 탐구하고 설명할 수 있다.","여러 가지 사각형을 분류하는 활동을 통하여 직사각형, 정사각형, 사다리꼴, 평행사변형, 마름모를 구분하고, 각각의 성질을 설명할 수 있다.","주어진 사각형에서 직사각형, 정사각형, 사다리꼴, 평행사변형, 마름모를 찾고, 그 성질을 말할 수 있다.","구체적 조작 활동을 통하여 주어진 사각형에서 직사각형, 정사각형, 사다리꼴, 평행사변형, 마름모를 찾을 수 있다.",,72
[4수03-11],초등 3~4학년군,수학,도형과 측정,다각형과 정다각형을 이해한다.,"다각형과 정다각형의 여러 가지 예를 제시하고, 각 도형의 공통점을 설명할 수 있다.","주어진 도형에서 다각형과 정다각형을 찾고, 그 의미를 말할 수 있다.",주어진 도형에서 다각형과 정다각형을 찾을 수 있다.,,72
[4수03-12],초등 3~4학년군,수학,도형과 측정,주어진 도형을 이용하여 여러 가지 모양을 만들거나 채우고 설명할 수 있다.,"주어진 도형을 이용하여 여러 가지 모양을 만들거나 채우고, 그 방법을 설명할 수 있다.",주어진 도형을 이용하여 모양을 만들거나 채울 수 있다.,안내된 절차에 따라 주어진 도형을 이용하여 일부가 제시된 모양의 전체를 완성할 수 있다.,,72
[4수03-13],초등 3~4학년군,수학,도형과 측정,"1분과 1초의 관계를 이해하고, 초 단위까지 시각을 읽을 수 있다.","1분과 1초의 관계를 이용하여 여러 가지 시각을 초 단위까지 읽으며, 시계에 나타낼 수 있다.","1분이 60초임을 알고, 여러 가지 시각을 초 단위까지 읽을 수 있다.","1분이 60초임을 알고, 안내된 절차에 따라 주어진 시각을 초 단위까지 읽을 수 있다.",,72
[4수03-14],초등 3~4학년군,수학,도형과 측정,실생활 문제 상황과 연결하여 초 단위까지의 시간의 덧셈과 뺄셈을 할 수 있다.,"실생활 문제 상황을 초 단위까지 시간의 덧셈과 뺄셈으로 나타내어 계산하고, 그 과정을 설명할 수 있다.","실생활 문제 상황을 초 단위까지 시간의 덧셈과 뺄셈으로 나타내고, 그 계산을 할 수 있다.",안내된 절차에 따라 초 단위까지의 간단한 시간의 덧셈과 뺄셈을 할 수 있다.,,72
[4수03-15],초등 3~4학년군,수학,도형과 측정,"길이 단위 1mm와 1km를 알고, 이를 이용하여 길이를 측정하고 어림하며 수학의 유용성을 인식할 수 있다.","1mm와 1km를 이용하여 여러 가지 길이를 측정하거나 어림하고, 실생활에서 이를 활용하는 예를 찾아 수학의 유용성을 설명할 수 있다.","1mm와 1km를 이용하여 길이를 측정하거나 어림하고, 실생활에서 이를 활용하는 예에서 수학의 유용성을 인식한다.",안내된 절차에 따라 1mm와 1km를 이용하여 길이를 측정할 수 있다.,,73
[4수03-16],초등 3~4학년군,수학,도형과 측정,"1cm와 1mm, 1km와 1m의 관계를 이해하고, 길이를 ‘몇 cm 몇 mm’와 ‘몇 mm’, ‘몇 km 몇 m’와 ‘몇 m’로 다양하게 표현할 수 있다.","길이를 여러 가지 방법으로 표현하고, 1cm와 1mm, 1km와 1m의 관계를 설명할 수 있다.","주어진 길이를 ‘몇 cm 몇 mm’와 ‘몇 mm’, ‘몇 km 몇 m’와 ‘몇 m’로 표현할 수 있다.","안내된 절차에 따라 ‘몇 cm’를 ‘몇 mm’로, ‘몇 km’를 ‘몇 m’로 표현할 수 있다.",,73
[4수03-17],초등 3~4학년군,수학,도형과 측정,"들이 단위 1L와 1mL를 알고, 이를 이용하여 들이를 측정하고 어림하며 수학의 유용성을 인식할 수 있다.","1L와 1mL를 이용하여 여러 가지 들이를 측정하거나 어림하고, 실생활에서 이를 활용하는 예를 찾아 수학의 유용성을 설명할 수 있다.","1L와 1mL를 이용하여 들이를 측정하거나 어림하고, 실생활에서 이를 활용하는 예에서 수학의 유용성을 인식한다.",안내된 절차에 따라 1L와 1mL를 이용하여 간단한 들이를 측정할 수 있다.,,73
[4수03-18],초등 3~4학년군,수학,도형과 측정,"1L와 1mL의 관계를 이해하고, 들이를 ‘몇 L 몇 mL’와 ‘몇 mL’로 표현할 수 있다.","들이를 ‘몇 L 몇 mL’ 또는 ‘몇 mL’로 표현하고, 1L와 1mL의 관계를 설명할 수 있다.",주어진 들이를 ‘몇 L 몇 mL’와 ‘몇 mL’로 표현할 수 있다.,"안내된 절차에 따라 ‘몇 L’를 ‘몇 mL’로, ‘몇 mL’를 ‘몇 L’로 표현할 수 있다.",,73
[4수03-19],초등 3~4학년군,수학,도형과 측정,실생활 문제 상황과 연결하여 들이의 덧셈과 뺄셈을 할 수 있다.,"실생활 문제 상황을 들이의 덧셈과 뺄셈으로 나타내어 계산하고, 그 과정을 설명할 수 있다.","실생활 문제 상황을 들이의 덧셈과 뺄셈으로 나타내고, 그 계산을 할 수 있다.",안내된 절차에 따라 간단한 들이의 덧셈과 뺄셈을 할 수 있다.,,73
[4수03-20],초등 3~4학년군,수학,도형과 측정,"실생활에서 무게를 나타낼 때 사용하는 단위 1g과 1kg을 알고, 이를 이용하여 무게를 측정하고 어림하며 수학의 유용성을 인식할 수 있다.","1g과 1kg을 이용하여 여러 가지 무게를 측정하거나 어림하고, 실생활에서 1g과 1kg을 활용하는 예를 찾아 수학의 유용성을 설명할 수 있다.","1g과 1kg을 이용하여 무게를 측정하거나 어림하고, 실생활에서 이를 활용하는 예를 찾아 수학의 유용성을 인식한다.",안내된 절차에 따라 1g과 1kg을 이용하여 간단한 무게를 측정할 수 있다.,,74
[4수03-21],초등 3~4학년군,수학,도형과 측정,"1kg과 1g의 관계를 이해하고, 무게를 ‘몇 kg 몇 g’과 ‘몇 g’으로 표현할 수 있다.","무게를 ‘몇 kg 몇 g’ 또는 ‘몇 g’으로 표현하고, 1kg과 1g의 관계를 설명할 수 있다.",주어진 무게를 ‘몇 kg 몇 g’과 ‘몇 g’으로 표현할 수 있다.,"안내된 절차에 따라 ‘몇 kg’을 ‘몇 g’으로, ‘몇 g’을 ‘몇 kg’으로 표현할 수 있다.",,74
[4수03-22],초등 3~4학년군,수학,도형과 측정,"실생활에서 무게를 나타낼 때 사용하는 단위 1t을 알고, 1t과 1kg의 관계를 이해한다.","실생활에서 t를 활용하는 예를 찾고, 1t과 1kg의 관계를 이용하여 다양한 무게를 표현할 수 있다.","1t이 1000kg임을 이용하여 ‘몇 t’을 ‘몇 kg’으로, ‘몇 kg’을 ‘몇 t’으로 표현할 수 있다.","안내된 절차에 따라 ‘몇 t’을 ‘몇 kg’으로, ‘몇 kg’을 ‘몇 t’으로 표현할 수 있다.",,74
[4수03-23],초등 3~4학년군,수학,도형과 측정,실생활 문제 상황과 연결하여 무게의 덧셈과 뺄셈을 할 수 있다.,"실생활 문제 상황을 무게의 덧셈과 뺄셈으로 나타내어 계산하고, 그 과정을 설명할 수 있다.","실생활 문제 상황을 무게의 덧셈과 뺄셈으로 나타내고, 그 계산을 할 수 있다.",안내된 절차에 따라 간단한 무게의 덧셈과 뺄셈을 할 수 있다.,,74
[4수03-24],초등 3~4학년군,수학,도형과 측정,"각의 크기의 단위인 1도(°)를 알고, 각도기를 이용하여 각의 크기를 측정하고 어림할 수 있다.","각도기를 이용하여 여러 가지 각의 크기를 측정하거나 어림하고, 그 방법을 설명할 수 있다.","각의 크기의 단위인 1도(°)를 알고, 각도기를 이용하여 주어진 각의 크기를 측정하거나 어림할 수 있다.",안내된 절차에 따라 각도기를 이용하여 간단한 각의 크기를 측정할 수 있다.,,75
[4수03-25],초등 3~4학년군,수학,도형과 측정,"여러 가지 방법으로 삼각형과 사각형의 내각의 크기의 합을 추론하고, 자신의 추론 과정을 설명할 수 있다.","삼각형과 사각형의 내각의 크기의 합을 여러 가지 방법으로 추론하고, 그 방법을 설명할 수 있다.","구체물이나 그림을 이용하여 삼각형과 사각형의 내각의 크기의 합이 각각 180°, 360°임을 설명할 수 있다.","삼각형과 사각형의 내각의 크기의 합이 각각 180°, 360°임을 말할 수 있다.",,75
[4수04-01],초등 3~4학년군,수학,자료와 가능성,자료를 수집하여 그림그래프나 막대그래프로 나타내고 해석할 수 있다.,"실생활 자료를 수집하여 그림그래프나 막대그래프로 나타내고, 그래프를 해석할 수 있다.","주어진 자료를 그림그래프나 막대그래프로 나타내고, 그래프에서 여러 가지 사실을 찾을 수 있다.","안내된 절차에 따라 일부가 제시된 그림그래프나 막대그래프를 완성하고, 그래프에서 간단한 사실을 찾을 수 있다.",,75
[4수04-02],초등 3~4학년군,수학,자료와 가능성,자료를 수집하여 꺾은선그래프로 나타내고 해석할 수 있다.,"실생활 자료를 수집하여 꺾은선그래프로 나타내고, 그래프를 해석할 수 있다.","주어진 자료를 꺾은선그래프로 나타내고, 그래프에서 여러 가지 사실을 찾을 수 있다.","안내된 절차에 따라 일부가 제시된 꺾은선그래프를 완성하고, 그래프에서 간단한 사실을 찾을 수 있다.",,75
[4수04-03],초등 3~4학년군,수학,자료와 가능성,"탐구 문제를 해결하기 위해 자료를 수집, 정리하여 막대그래프나 꺾은선그래프로 나타내고 해석할 수 있다.","탐구 문제를 해결하기 위해 자료를 수집, 정리하여 막대그래프나 꺾은선그래프로 나타내고, 그 그래프를 해석할 수 있다.","자료를 정리하여 막대그래프나 꺾은선그래프로 나타내고, 그래프에서 여러 가지 사실을 찾을 수 있다.","안내된 절차에 따라 주어진 자료를 막대그래프나 꺾은선그래프로 나타내고, 그래프에서 간단한 사실을 찾을 수 있다.",,75
[4과01-01],초등 3~4학년군,과학,힘과 우리 생활,"일상생활에서 힘과 관련된 현상에 흥미를 갖고, 물체를 밀거나 당길 때 나타나는 현상을 관찰할 수 있다.","일상생활에서 힘과 관련된 현상에 흥미를 가지고, 무거운 물체와 가벼운 물체를 밀거나 당길 때 드는 힘의 크기를 비교하여 설명할 수 있다.",물체를 밀거나 당길 때 나타나는 현상에 흥미를 가지고 이를 관찰할 수 있다.,물체를 밀고 당기는 것과 같이 힘과 관련된 현상에 흥미를 가진다.,무거운 물체를 밀 때와 가벼운 물체를 밀 때의 특징 탐구하기,107
[4과01-02],초등 3~4학년군,과학,힘과 우리 생활,수평잡기 활동을 통해 물체의 무게를 비교할 수 있다.,수평잡기 활동을 통해 무게가 같거나 다른 여러 물체의 무게를 비교할 수 있다.,수평잡기 활동에서 기울어지는 현상을 관찰하여 두 물체 중에서 무거운 물체를 찾을 수 있다.,수평잡기 활동을 통해 물체의 무게가 서로 다름을 알 수 있다.,,107
[4과01-03],초등 3~4학년군,과학,힘과 우리 생활,"무게를 정확히 비교하기 위해서는 저울이 필요함을 알고, 저울을 사용해 무게를 비교할 수 있다.","저울의 필요성을 알고, 저울을 사용해 여러 가지 물체들의 무게를 비교할 수 있으며, 이 과정을 통해 과학의 유용성을 인식한다.","저울의 필요성을 알고, 저울을 사용해 물체의 무게를 측정할 수 있다.",일상생활에서 물체의 무게를 측정하기 위해 저울이 사용되고 있음을 말할 수 있다.,,107
[4과01-04],초등 3~4학년군,과학,힘과 우리 생활,"지레, 빗면과 같은 도구를 이용하면 물체를 들어 올릴 때 드는 힘의 크기가 달라짐을 알고, 도구가 일상생활에서 어떻게 쓰이는지 조사하여 공유할 수 있다.","지레, 빗면과 같은 도구를 이용하면 작은 힘으로 물체를 들 수 있음을 알고, 일상생활에서 도구가 사용되는 예를 조사하여 공유할 수 있으며, 이 과정을 통해 도구 사용의 과학적 유용성을 인식한다.","지레, 빗면을 사용하면 작은 힘으로 물체를 들 수 있다는 사실을 알고, 도구가 사용되는 예를 조사할 수 있다.",일상생활에서 물체를 들어 올릴 때 지레와 빗면과 같은 도구가 사용되고 있음을 말할 수 있다.,,107
[4과02-01],초등 3~4학년군,과학,동물의 생활,여러 가지 동물을 관찰하여 특징에 따라 동물을 분류할 수 있다.,여러 가지 동물을 관찰하고 특징에 따라 분류 기준을 정하여 동물을 분류할 수 있다.,여러 가지 동물을 관찰하여 공통된 특징과 구별되는 특징을 말할 수 있다.,여러 가지 동물을 관찰하여 그 특징을 말할 수 있다.,동물 분류 기준 정하기,108
[4과02-02],초등 3~4학년군,과학,동물의 생활,다양한 환경에 서식하는 동물을 조사하여 동물의 생김새와 생활 방식이 환경과 관련되어 있음을 설명할 수 있다.,다양한 환경에 서식하는 동물을 조사하여 동물의 생김새와 생활 방식이 사는 환경과 어떻게 관련되어 있는지 설명할 수 있다.,다양한 환경에 따라 동물의 생김새와 생활 방식이 다름을 발표할 수 있다.,다양한 환경에 사는 동물의 생김새를 말할 수 있다.,,108
[4과02-03],초등 3~4학년군,과학,동물의 생활,동물의 특징을 이용하여 일상생활에서 활용할 수 있는 생활용품을 설계하여 협력적으로 소통할 수 있다.,동물의 특징을 이용하여 일상생활에서 활용할 수 있는 생활용품을 독창적인 아이디어로 설계하고 협력적으로 소통할 수 있다.,동물의 특징을 이용하여 일상생활에서 활용할 수 있는 생활용품을 설계하고 발표할 수 있다.,동물의 특징을 이용하여 설계한 생활용품을 말할 수 있다.,,108
[4과03-01],초등 3~4학년군,과학,식물의 생활,여러 가지 식물을 관찰하여 특징에 따라 식물을 분류할 수 있다.,여러 가지 식물을 관찰하고 특징에 따라 분류 기준을 정하여 식물을 분류할 수 있다.,여러 가지 식물을 관찰하여 공통된 특징과 구별되는 특징을 말할 수 있다.,여러 가지 식물을 관찰하여 그 특징을 말할 수 있다.,식물 분류 기준 정하기,109
[4과03-02],초등 3~4학년군,과학,식물의 생활,다양한 환경에 서식하는 식물을 조사하여 식물의 생김새와 생활 방식이 환경과 관련되어 있음을 설명할 수 있다.,다양한 환경에 서식하는 식물을 조사하여 식물의 생김새와 생활 방식이 서식하는 환경과 어떻게 관련되어 있는지 설명할 수 있다.,다양한 환경에 따라 식물의 생김새와 생활 방식이 다름을 발표할 수 있다.,다양한 환경에 서식하는 식물의 생김새를 말할 수 있다.,,109
[4과03-03],초등 3~4학년군,과학,식물의 생활,식물의 특징을 이용하여 일상생활에서 활용할 수 있는 생활용품을 설계하여 협력적으로 소통할 수 있다.,식물의 특징을 이용하여 일상생활에서 활용할 수 있는 생활용품을 독창적인 아이디어로 설계하고 협력적으로 소통할 수 있다.,식물의 특징을 이용하여 일상생활에서 활용할 수 있는 생활용품을 설계하고 발표할 수 있다.,식물의 특징을 이용하여 설계한 생활용품을 말할 수 있다.,,109
[4과04-01],초등 3~4학년군,과학,생물의 한살이,"동물의 한살이를 직접 관찰하고, 관찰한 내용을 글과 그림으로 표현할 수 있다.","동물을 직접 기르면서 동물의 한살이를 관찰하고, 관찰한 내용을 글과 그림으로 표현하여 관찰 보고서를 쓸 수 있다.",곤충의 한살이를 관찰하여 곤충의 모습이 달라짐을 말할 수 있다.,곤충의 한살이를 관찰할 수 있다.,곤충의 한살이 관찰하기,110
[4과04-02],초등 3~4학년군,과학,생물의 한살이,식물이 자라는 데 필요한 조건을 찾는 실험을 설계하여 수행할 수 있다.,"씨가 싹 트거나 식물이 자라는 데 필요한 조건을 찾는 실험을 설계하여 수행하고, 그 결과를 설명할 수 있다.",식물이 자라는 데 필요한 조건을 찾는 실험을 설계할 수 있다.,식물이 자라는 데 필요한 조건을 말할 수 있다.,,110
[4과04-03],초등 3~4학년군,과학,생물의 한살이,생물의 한살이 과정을 조사하여 생물에 따라 한살이의 유형이 다양함을 소개하는 자료를 만들어 공유할 수 있다.,"여러 가지 생물의 한살이 과정을 조사하여 생물에 따라 한살이 유형이 다양함을 이해하고, 이를 소개하는 자료를 만들어 공유할 수 있다.",여러 가지 생물의 한살이 과정을 조사하여 생물에 따라 한살이 유형이 다양함을 말할 수 있다.,여러 가지 생물의 한살이 과정을 조사할 수 있다.,,110
[4과05-01],초등 3~4학년군,과학,물체와 물질,"물체를 이루는 여러 가지 물질의 성질을 비교하고, 물질의 종류에 따라 물체를 분류할 수 있다.","물체를 이루는 여러 가지 물질의 성질을 비교하여 설명하고, 물질의 종류에 따라 물체를 분류할 수 있다.",물체를 이루는 여러 가지 물질의 성질을 관찰하여 비교할 수 있다.,물체를 이루는 물질이 여러 가지임을 말할 수 있다.,,111
[4과05-02],초등 3~4학년군,과학,물체와 물질,"물질의 세 가지 상태인 고체, 액체, 기체의 성질을 관찰하여 비교할 수 있다.","실험을 통해 물질의 세 가지 상태인 고체, 액체, 기체가 가진 성질을 관찰하고, 물질의 세 가지 상태의 성질을 비교하여 설명할 수 있다.","실험을 통해 물질의 세 가지 상태인 고체, 액체, 기체의 성질을 관찰하여 말할 수 있다.","우리 주변에 물질의 세 가지 상태인 고체, 액체, 기체가 있다는 것을 말할 수 있다.",용기에 따른 고체와 액체의 모양과 부피 변화 관찰하기 / 기체가 공간을 차지하고 있음을 알아보는 실험하기,111
[4과05-03],초등 3~4학년군,과학,물체와 물질,다양한 물질의 성질을 이용하여 쓰임새 있는 물체를 설계할 수 있다.,"물체의 쓰임새에 적합한 성질을 가진 물질을 이용하여 물체를 설계하고, 물체의 쓰임새와 물질의 성질을 관련지어 설명할 수 있다.",물체의 쓰임새에 적합한 물질을 선택하여 물체를 설계할 수 있다.,다양한 물질의 성질을 이용하여 만들어진 물체를 찾아 말할 수 있다.,,111
[4과06-01],초등 3~4학년군,과학,지구와 바다,"지구가 대기로 둘러싸여 있음을 알고, 지구 표면을 구성하는 육지와 바다의 특징을 비교할 수 있다.","지구가 대기로 둘러싸여 있음을 알고, 지구 표면을 구성하는 육지와 바다의 면적과 특징을 비교할 수 있다.","지구가 대기로 둘러싸여 있음을 알고, 지구 표면을 구성하는 육지와 바다의 면적을 비교할 수 있다.","지구에 대기, 육지, 바다가 있다는 것을 말할 수 있다.",지구의 육지와 바다 면적 비교하기,112
[4과06-02],초등 3~4학년군,과학,지구와 바다,"바닷물의 특징을 육지의 물과 비교하고, 바닷가에서 볼 수 있는 다양한 지형을 조사할 수 있다.","육지의 물과 바닷물을 가열하여 남는 물질을 탐구하는 활동을 통해 바닷물의 특징을 육지의 물과 비교하고, 바닷가에서 볼 수 있는 다양한 지형을 조사하여 발표할 수 있다.","육지의 물과 바닷물을 가열하여 남는 물질을 비교하고, 바닷가에서 볼 수 있는 다양한 지형을 조사할 수 있다.",육지의 물과 바닷물을 가열하여 남는 물질을 관찰할 수 있다.,육지의 물과 바닷물을 가열하여 남는 물질 탐구하기,112
[4과06-03],초등 3~4학년군,과학,지구와 바다,"밀물과 썰물의 차이를 알고, 갯벌의 가치와 보전의 필요성을 설득·홍보할 수 있다.","밀물과 썰물의 차이를 설명하고, 갯벌의 가치와 보전의 필요성을 설득·홍보할 수 있는 홍보물을 제작할 수 있다.","밀물과 썰물 현상을 구별하고, 갯벌의 가치와 보전의 필요성을 말할 수 있다.","밀물과 썰물 현상이 있음을 알고, 갯벌의 소중함에 관심을 가진다.",,112
[4과07-01],초등 3~4학년군,과학,소리의 성질,"여러 가지 물체를 이용하여 소리를 내보고, 소리가 나는 물체는 떨림이 있음을 설명할 수 있다.","여러 가지 물체를 이용하여 소리를 내보고, 소리가 나는 현상을 관찰하여 소리가 나는 물체는 떨림이 있음을 설명할 수 있다.",소리굽쇠를 관찰하여 소리가 나는 소리굽쇠는 떨림이 있음을 설명할 수 있다.,"소리가 나는 물체의 예를 들고, 물체를 이용하여 소리를 낼 수 있다.",소리가 나는 소리굽쇠의 떨림 관찰하기,113
[4과07-02],초등 3~4학년군,과학,소리의 성질,"큰 소리와 작은 소리, 높은 소리와 낮은 소리를 구분하고, 세기와 높낮이가 다른 소리를 낼 수 있다.","물체의 길이에 따른 소리의 높낮이를 비교하고, 큰 소리와 작은 소리, 높은 소리와 낮은 소리를 내는 방법을 알고 소리를 낼 수 있다.","다양한 소리를 듣고, 큰 소리와 작은 소리, 높은 소리와 낮은 소리로 구분할 수 있다.",물체에 따라 다양한 소리가 나는 것을 말할 수 있다.,물체의 길이에 따른 소리의 높낮이 비교하기,113
[4과07-03],초등 3~4학년군,과학,소리의 성질,"여러 가지 물질을 통하여 소리가 전달되는 것을 관찰하고, 소음을 줄이는 방법을 찾아 일상생활에서 실천할 수 있다.","소리가 여러 가지 물질을 통하여 전달되는 것을 이해하고, 일상생활에서 소음을 줄이는 방법을 조사하여 실천할 수 있다.","여러 가지 물질을 통하여 소리가 전달되는 것을 관찰하고, 일상생활에서 소음을 줄이는 방법을 조사할 수 있다.","소리가 전달되고 있음을 알고, 일상생활에서 소음과 관련된 예를 들 수 있다.",,113
[4과08-01],초등 3~4학년군,과학,감염병과 건강한 생활,"생활 속 감염병의 사례를 알고, 다양한 질병과 그 위험성에 대해 토의할 수 있다.",생활 속 감염병의 사례를 조사하여 다양한 질병과 그 위험성에 대해 토의할 수 있다.,생활 속 감염병 사례를 조사하여 질병의 위험성을 발표할 수 있다.,생활 속 감염병 사례를 조사하여 말할 수 있다.,,114
[4과08-02],초등 3~4학년군,과학,감염병과 건강한 생활,"감염병으로부터 안전한 사회에 관심을 가지고, 여러 감염 과정을 통해 생활 습관과 감염병 유행과의 연관성을 설명할 수 있다.","감염병으로부터 안전한 사회에 관심을 가지고, 여러 감염 과정과 관련지어 감염 예방 방법을 탐구하여 생활 습관과 감염병 유행이 연관되어 있음을 설명할 수 있다.","감염병에 대해 인식하고, 여러 감염 과정을 통해 감염병에 걸릴 수 있음을 이해하고, 감염을 예방하는 생활 습관에 대해 말할 수 있다.","감염병에 걸릴 수 있음을 알고, 이를 예방하는 생활 습관에 대해 말할 수 있다.",감염 과정과 감염병 예방 방법 탐구하기,114
[4과08-03],초등 3~4학년군,과학,감염병과 건강한 생활,"건강한 생활을 위해 필요한 감염병 예방 수칙을 공유하고, 생활 속에서 실천할 수 있다.","건강한 생활을 위해 필요한 감염병 예방 수칙을 토의하여 공유하고, 생활 속에서 감염병 예방 수칙의 중요성을 인식하고 이를 실천할 수 있다.",건강한 생활을 위해 감염병 예방 수칙을 알고 공유할 수 있다.,건강한 생활을 위해 감염병 예방 수칙이 필요함을 말할 수 있다.,,114
[4과09-01],초등 3~4학년군,과학,자석의 이용,"자석과 여러 가지 물체를 가까이했을 때 나타나는 현상을 관찰하고, 자석과 자석에 붙는 물체 사이에 작용하는 힘의 특징을 말할 수 있다.",자석과 여러 가지 물체를 가까이했을 때 나타나는 다양한 현상을 통해 자석과 자석에 붙는 물체 사이에 작용하는 힘의 특징을 설명할 수 있다.,자석과 여러 가지 물체를 가까이했을 때 나타나는 현상을 관찰하여 자석에 붙는 물체들의 공통점을 찾을 수 있다.,자석과 여러 가지 물체를 가까이했을 때 나타나는 현상을 관찰하여 자석에 붙는 물체와 자석에 붙지 않는 물체를 분류할 수 있다.,,115
[4과09-02],초등 3~4학년군,과학,자석의 이용,자석과 자석을 가까이했을 때 나타나는 현상을 관찰하여 그 특징을 자석의 극과 관련지어 설명할 수 있다.,"자석과 자석을 가까이했을 때 나타나는 현상을 관찰하여 같은 극과 다른 극 사이에서 나타나는 힘을 구분하여 이해하고, 이를 활용해 나침반과 자석 사이에 나타나는 현상을 설명할 수 있다.","자석에 두 극이 있음을 알고, 자석과 자석 사이에서 밀거나 당기는 힘이 작용함을 말할 수 있다.",자석과 자석을 가까이했을 때 나타나는 현상을 관찰할 수 있다.,자석의 극을 찾고 서로 같은 극과 다른 극을 가까이했을 때의 특징 비교하기 / 나침반과 자석을 가까이했을 때 나타나는 현상 관찰하기,115
[4과09-03],초등 3~4학년군,과학,자석의 이용,자석을 이용하여 일상생활을 편리하게 하는 장치를 설계할 수 있다.,"자석의 성질을 이용하여 일상생활에 편리한 장치를 설계할 수 있고, 이 과정에서 과학의 유용성을 인식한다.",자석의 성질을 이용한 장치를 설계할 수 있다.,일상생활에서 자석을 이용한 장치를 보고 자석의 성질과 관련된 부분을 말할 수 있다.,,115
[4과10-01],초등 3~4학년군,과학,물의 상태 변화,"물이 세 가지 상태로 변할 수 있음을 알고, 우리 주변에서 예를 찾을 수 있다.","물이 수증기나 얼음으로 변할 수 있음을 말하고, 그 사례를 우리 주변에서 찾아 설명할 수 있다.",물의 세 가지 상태를 우리 주변에서 찾고 물이 수증기나 얼음으로 변할 수 있음을 말할 수 있다.,물의 세 가지 상태를 우리 주변에서 찾아 말할 수 있다.,,116
[4과10-02],초등 3~4학년군,과학,물의 상태 변화,"물이 얼 때, 얼음이 녹을 때, 물이 증발할 때와 끓을 때, 수증기가 응결할 때의 변화를 관찰할 수 있다.","실험을 통해 물이 얼 때와 얼음이 녹을 때, 물이 증발할 때와 끓을 때, 수증기가 응결할 때의 변화를 관찰하여 설명할 수 있다.","실험을 통해 물이 얼 때와 얼음이 녹을 때, 물이 증발할 때와 끓을 때의 변화를 관찰하여 설명할 수 있다.",실험을 통해 물이 얼 때와 얼음이 녹을 때의 변화를 관찰하여 말할 수 있다.,물이 얼 때와 얼음이 녹을 때의 무게와 부피 변화 관찰하기 / 물이 증발할 때와 끓을 때의 특징 관찰하기 / 얼음이 든 비커의 바깥 면 관찰하기,116
[4과10-03],초등 3~4학년군,과학,물의 상태 변화,물의 상태 변화를 이용하여 물을 얻을 수 있는 장치를 설계하고 만들 수 있다.,"물 부족의 심각성을 공감하고, 물의 상태 변화를 이용하여 물을 얻는 장치를 설계하고 제작할 수 있다.","물의 중요성을 인식하고, 물의 상태 변화를 이용하여 물을 얻는 장치를 설계할 수 있다.","물을 얻는 장치를 설계하는 과정에 참여하고, 물의 중요성을 말할 수 있다.",,116
[4과11-01],초등 3~4학년군,과학,땅의 변화,흐르는 물의 작용과 강 주변 지형의 특징을 관련지을 수 있다.,"흙 언덕을 만들고 물을 흘려보낸 후, 흙이 깎이는 곳과 쌓이는 곳을 관찰하여 흐르는 물의 침식, 운반, 퇴적 작용을 이해하고, 강 주변 지형의 특징을 물의 작용과 관련지어 설명할 수 있다.","흙 언덕을 만들고 물을 흘려보낸 후, 흙이 깎이는 곳과 쌓이는 곳을 관찰하여 흐르는 물의 침식, 운반, 퇴적 작용을 설명할 수 있다.","흙 언덕을 만들고 물을 흘려보낸 후, 흙이 깎이는 곳과 쌓이는 곳을 찾아 말할 수 있다.","흙 언덕을 만들고 물을 흘려보낸 후, 깎이는 곳과 쌓이는 곳 관찰하기",117
[4과11-02],초등 3~4학년군,과학,땅의 변화,"화산의 의미와 화산 활동으로 나오는 물질을 알고, 화산 활동을 모형으로 표현할 수 있다.","화산의 의미와 화산 활동으로 나오는 물질을 알고, 화산 활동을 모형으로 표현하여 설명할 수 있다.","화산의 의미를 알고, 화산 활동 모형에서 화산 활동으로 나오는 물질을 찾을 수 있다.","화산의 의미를 알고, 화산 활동 모형 만들기 활동에 참여할 수 있다.",,117
[4과11-03],초등 3~4학년군,과학,땅의 변화,화성암을 관찰하고 분류할 수 있다.,"화성암이 화산 활동과 관련되어 있음을 알고, 현무암과 화강암을 관찰하여 특징에 따라 분류할 수 있다.","현무암과 화강암을 관찰하고, 알갱이의 크기에 따라 분류할 수 있다.","현무암과 화강암을 관찰하고, 색을 비교할 수 있다.",,117
[4과11-04],초등 3~4학년군,과학,땅의 변화,"화산 활동과 지진이 우리 생활에 미치는 영향을 조사하여, 대처 방법을 실천할 수 있다.","화산 활동과 지진이 우리 생활에 미치는 영향을 조사하고, 화산 활동과 지진에 안전하게 대처하는 방법을 찾아 실천할 수 있다.","화산 활동과 지진으로부터 안전한 사회에 관심을 가지고, 지진의 피해를 줄이기 위한 대처 방법을 찾아 실천할 수 있다.",지진의 피해를 줄이기 위한 대처 방법을 말할 수 있다.,지진의 피해 사례를 조사하고 대처 방법 탐구하기,117
[4과12-01],초등 3~4학년군,과학,다양한 생물과 우리 생활,균류·원생생물·세균을 관찰하여 특징과 사는 곳을 설명할 수 있다.,"균류·원생생물·세균을 디지털현미경이나 실체현미경, 사진 자료 등을 활용하여 관찰하고, 생물의 특징과 사는 곳을 설명할 수 있다.","균류·원생생물·세균을 관찰하고, 그 특징을 말할 수 있다.",균류·원생생물·세균의 종류를 말할 수 있다.,버섯과 곰팡이 관찰하기 / 해캄과 짚신벌레 관찰하기,118
[4과12-02],초등 3~4학년군,과학,다양한 생물과 우리 생활,균류·원생생물·세균이 우리 생활에 미치는 영향을 조사하여 발표할 수 있다.,균류·원생생물·세균이 우리 생활에 미치는 긍정적인 영향과 부정적인 영향을 조사하여 발표할 수 있다.,균류·원생생물·세균이 우리 생활에 미치는 영향을 조사할 수 있다.,균류·원생생물·세균이 우리 생활에 영향을 미친다는 것을 말할 수 있다.,,118
[4과12-03],초등 3~4학년군,과학,다양한 생물과 우리 생활,우리 생활에 생명과학이 이용되는 사례를 소개하는 자료를 만들어 공유할 수 있다.,"우리 생활에 생명과학이 이용되는 사례를 조사하여 소개하는 자료를 만들어 공유하고, 이 과정에서 과학의 유용성을 인식할 수 있다.","우리 생활에 생명과학이 이용되는 사례를 조사하여 소개하는 자료를 만들고, 이 과정에서 생명과학에 흥미와 호기심을 가진다.","우리 생활에 생명과학이 이용되는 사례를 조사하고, 이 과정에서 생명과학에 관심을 가진다.",,118
[4과13-01],초등 3~4학년군,과학,밤하늘 관찰,"달의 모양과 표면, 달의 위상변화를 관찰하여 밤하늘 관찰에 흥미를 가질 수 있다.","달의 모양과 표면, 여러 날 동안 보이는 달의 위상 변화를 관찰하여 달의 모양이 주기적으로 바뀌는 것을 알고, 밤하늘 관찰에 흥미를 가진다.","여러 날 동안 보이는 달의 모양을 관찰하고, 밤하늘 관찰에 흥미를 가진다.",달을 관찰하고 밤하늘 관찰에 관심을 가진다.,여러 날 동안 보이는 달의 모양 관찰하기,119
[4과13-02],초등 3~4학년군,과학,밤하늘 관찰,"태양계 구성원을 알고, 태양과 행성을 조사할 수 있다.","태양계 구성원을 알고, 태양과 행성의 표면적 특징을 조사하여 태양계 행성 모형을 만들 수 있다.","태양계 구성원을 알고, 태양계 행성의 특징을 말할 수 있다.",태양계 구성원을 조사할 수 있다.,태양계 행성 모형 만들기,119
[4과13-03],초등 3~4학년군,과학,밤하늘 관찰,"별의 정의를 알고, 북극성 주변의 별자리를 관찰할 수 있다.","별의 정의를 행성과 비교하여 설명하고, 북극성 주변의 별자리를 관찰하여 별자리 이름을 말할 수 있다.","별의 정의를 설명하고, 북극성 주변의 별자리 이름을 말할 수 있다.",별이 행성과 다르다는 것을 말할 수 있다.,,119
[4과14-01],초등 3~4학년군,과학,생물과 환경,생태계의 구성 요소를 조사하여 생물 요소와 비생물 요소로 분류할 수 있다.,"생태계의 구성 요소를 조사하여 생물 요소와 비생물 요소로 분류하고, 양분을 얻는 방법에 따라 생물 요소를 분류하여 설명할 수 있다.","생태계의 구성 요소를 조사하여 생물 요소와 비생물 요소가 있음을 알고, 생물 요소가 양분을 얻는 방법이 다르다는 것을 말할 수 있다.",생태계의 구성 요소를 조사하여 이를 말할 수 있다.,양분을 얻는 방법에 따라 생물 요소 분류하기,120
[4과14-02],초등 3~4학년군,과학,생물과 환경,생물 요소들의 먹고 먹히는 관계를 조사하여 먹이그물로 표현할 수 있다.,"생물 요소들의 먹고 먹히는 관계를 조사하여 먹이 관계 모형의 특징을 이해하고, 이를 먹이그물로 표현할 수 있다.","생물 요소들의 먹고 먹히는 관계를 조사하여, 이를 먹이사슬로 표현할 수 있다.","생물 요소의 먹고 먹히는 관계가 있음을 알고, 먹고 먹히는 관계의 한 예를 말이나 글로 표현할 수 있다.",먹이 관계 모형 만들기,120
[4과14-03],초등 3~4학년군,과학,생물과 환경,"인간 활동이 생태계에 미치는 영향을 조사하고, 생태계 보전을 위해 우리가 할 수 있는 일을 토의하여 실천할 수 있다.","인간 활동이 생태계에 미치는 영향을 조사하고, 생태계 보전을 위해 우리가 할 수 있는 일을 토의하여 실천함으로써 생태계 보전의 중요성을 알고 생태계를 소중히 여기는 태도를 가진다.","인간 활동이 생태계에 미치는 영향을 조사하고, 생태계 보전을 위한 실천 방법을 탐색할 수 있다.",인간 활동이 생태계에 영향을 미친다는 것을 말할 수 있다.,,120
[4과15-01],초등 3~4학년군,과학,여러 가지 기체,실험을 통해 기체가 무게가 있음을 설명할 수 있다.,"기체가 무게가 있음을 알아보는 실험을 수행하고, 실험 결과를 바탕으로 기체는 무게가 있음을 설명할 수 있다.",기체가 무게가 있음을 알아보는 실험을 수행할 수 있다.,기체가 무게가 있음을 말할 수 있다.,공기를 넣거나 뺄 때의 무게 변화 관찰하기,121
[4과15-02],초등 3~4학년군,과학,여러 가지 기체,"온도나 압력에 따라 기체의 부피가 달라지는 현상을 관찰하고, 우리 주변에서 예를 찾을 수 있다.","온도나 압력에 따라 기체의 부피가 달라지는 현상을 관찰하고, 우리 주변에서 관련된 사례를 찾아 설명할 수 있다.",온도나 압력에 따라 기체의 부피가 달라지는 현상을 관찰하고 설명할 수 있다.,온도나 압력에 따라 기체의 부피가 달라짐을 말할 수 있다.,온도나 압력에 따른 기체의 부피 변화 관찰하기,121
[4과15-03],초등 3~4학년군,과학,여러 가지 기체,"일상생활에서 이용되는 기체의 종류와 성질을 조사하고, 여러 가지 기체에 대해 흥미를 느낄 수 있다.","일상생활에서 이용하는 기체의 종류와 성질을 조사하여 설명하고, 여러 가지 기체에 흥미를 가진다.","일상생활에서 이용하는 기체의 종류를 조사하고, 여러 가지 기체에 흥미를 가진다.",일상생활에서 여러 가지 기체가 이용되고 있음을 말할 수 있다.,,121
[4과15-04],초등 3~4학년군,과학,여러 가지 기체,기체의 성질을 이용하여 작동시킬 수 있는 장치를 설계하고 만들 수 있다.,"기체의 성질을 이해하고, 이를 이용하여 작동시킬 수 있는 장치를 설계하고 만들 수 있다.","기체의 성질을 이해하고, 이를 이용하여 작동시킬 수 있는 장치를 설계할 수 있다.",기체의 성질을 이용하여 작동시킬 수 있는 장치를 통해 기체의 성질을 말할 수 있다.,,121
[4과16-01],초등 3~4학년군,과학,기후변화와 우리 생활,"기후변화 현상의 예를 알고, 기후변화가 인간의 활동과 관련되어 있음을 토의할 수 있다.","다양한 기후변화 현상의 예를 알고, 기후변화에 영향을 주는 인간의 활동을 찾아 증거에 기반하여 토의할 수 있다.","기후변화 현상의 예를 알고, 기후변화와 인간의 활동 사이의 관계를 조사할 수 있다.",기후변화에 따른 현상을 찾아 말할 수 있다.,,122
[4과16-02],초등 3~4학년군,과학,기후변화와 우리 생활,"기후변화의 심각성에 관심을 가지고, 기후변화가 우리 생활과 환경에 미치는 영향을 설명할 수 있다.","기후변화의 심각성에 관심을 가지고, 해수면 상승으로 인한 피해 모형실험을 통해 기후변화가 우리 생활과 환경에 미치는 영향을 설명할 수 있다.","기후변화에 관심을 가지고, 기후변화가 우리 생활과 환경에 미치는 영향을 해수면 상승과 관련지어 말할 수 있다.",해수면 상승이 기후변화와 관련이 있다는 것을 말할 수 있다.,해수면 상승으로 인한 피해 모형실험하기,122
[4과16-03],초등 3~4학년군,과학,기후변화와 우리 생활,"기후변화 대응 방법을 조사하고, 생활 속에서 기후변화 대응 방법을 실천할 수 있다.","지속가능한 사회에 관심을 가지고, 기후변화 대응 방법을 조사하여 생활 속에서 대응 방법을 실천한다.","지속가능한 사회에 관심을 가지고, 생활 속에서 실천할 수 있는 기후변화 대응 방법을 조사할 수 있다.",생활 속에서 실천할 수 있는 기후변화 대응 방법을 조사할 수 있다.,,122
[4체01-01],초등 3~4학년군,체육,운동,운동과 체력의 의미를 이해하고 관계를 파악한다.,"운동이 신체 변화와 체력 증진에 미치는 영향을 명확하게 알고, 운동 전후의 다양한 신체 변화 및 체력 증진의 사례를 들어 구체적으로 설명할 수 있다.","운동이 신체 변화와 체력 증진에 미치는 영향을 대략적으로 알고, 운동 전후의 신체 변화 및 체력 증진 중 일부를 사례를 들어 설명할 수 있다.","운동이 신체 변화나 체력 증진에 미치는 영향을 대략적으로 알고, 운동 전후의 체력 변화 중 일부를 제시할 수 있다.",,139
[4체01-02],초등 3~4학년군,체육,운동,기본 체력 운동의 방법과 절차를 익히며 자신의 수준에 맞는 운동을 시도한다.,"체력 증진을 위한 기본 운동 방법과 절차를 명확하게 알고 수행하며, 자신의 신체 특성과 체력 수준에 맞는 다양한 운동을 시도할 수 있다.","체력 증진을 위한 기본 운동 방법과 절차를 대략적으로 알고 수행하고, 자신의 신체 특성과 체력 수준에 맞는 운동을 시도할 수 있다.","체력 증진을 위한 기본 운동 방법을 대략적으로 알고 수행하고, 자신의 신체 특성이나 체력 수준에 맞는 운동을 부분적으로 시도할 수 있다.",,139
[4체01-03],초등 3~4학년군,체육,운동,운동과 건강의 의미를 이해하고 관계를 파악한다.,"건강의 의미와 운동이 건강을 유지·증진하는 데 미치는 영향을 명확하게 알고, 운동의 필요성을 다양한 사례를 들어 구체적으로 설명할 수 있다.","건강의 의미와 운동이 건강을 유지·증진하는 데 미치는 영향을 대략적으로 알고, 운동의 필요성 중 일부를 사례를 들어 설명할 수 있다.","운동이 건강에 미치는 영향을 대략적으로 알고, 운동의 필요성 중 일부를 제시할 수 있다.",,139
[4체01-04],초등 3~4학년군,체육,운동,건강을 위한 바른 생활 습관을 이해하고 생활 속에서 규칙적으로 실천한다.,"건강한 생활 습관의 필요성과 실천 방법을 명확하게 알고, 일상생활 전반에서 규칙적으로 실천할 수 있다.","건강한 생활 습관의 필요성과 실천 방법을 대략적으로 알고, 일상생활에서 일부 규칙적으로 실천할 수 있다.","건강한 생활 습관의 필요성을 대략적으로 알고, 일상생활에서 일부 실천할 수 있다.",,139
[4체01-05],초등 3~4학년군,체육,운동,자신의 신체적 특징을 긍정적으로 인식하고 운동 계획을 세워 안전하게 활동한다.,"자신의 체격·체형·체력적 특징 전반을 긍정적으로 인식하고, 이를 종합적으로 고려한 운동 계획을 구체적으로 세워 안전하게 활동할 수 있다.","자신의 체격·체형·체력적 특징 중 일부를 긍정적으로 인식하고, 이를 부분적으로 고려한 운동 계획을 세워 안전하게 활동할 수 있다.","자신의 체격·체형·체력적 특징 중 일부를 인식하고, 이를 부분적으로 고려한 운동 계획에 따라 안전하게 활동할 수 있다.",,139
[4체01-06],초등 3~4학년군,체육,운동,운동과 건강한 생활 습관 형성에 관심을 갖고 적극적으로 실천한다.,운동과 건강한 생활 습관 형성에 꾸준히 관심을 갖고 일상생활 전반에서 적극적으로 실천할 수 있다.,운동과 건강한 생활 습관 형성에 꾸준히 관심을 갖고 일상생활에서 일부 실천할 수 있다.,운동과 건강한 생활 습관 형성에 간헐적으로 관심을 갖고 일상생활에서 일부 실천할 수 있다.,,140
[4체02-01],초등 3~4학년군,체육,스포츠,스포츠의 의미와 유형을 파악한다.,"스포츠의 의미와 유형을 명확하게 알고, 기술형·전략형·생태형 스포츠의 특성을 예를 들어 구체적으로 설명할 수 있다.","스포츠의 의미와 유형을 대략적으로 알고, 기술형·전략형·생태형 스포츠의 특성을 설명할 수 있다.","스포츠의 의미를 대략적으로 알고, 기술형·전략형·생태형 스포츠의 종류를 구별할 수 있다.",,140
[4체02-02],초등 3~4학년군,체육,스포츠,기본 움직임 기술의 의미와 종류를 이해하고 스포츠와의 관계를 파악한다.,"이동·비이동·조작 움직임 기술의 종류와 각각의 의미를 명확하게 알고, 다양한 스포츠에서 활용되는 여러 가지 기본 움직임 기술을 예를 들어 구체적으로 설명할 수 있다.","이동·비이동·조작 움직임 기술의 종류와 각각의 의미를 대략적으로 알고, 스포츠에서 활용되는 기본 움직임 기술을 설명할 수 있다.","이동·비이동·조작 움직임 기술의 종류를 대략적으로 알고, 스포츠에서 활용되는 일부 기본 움직임 기술을 제시할 수 있다.",,140
[4체02-03],초등 3~4학년군,체육,스포츠,움직임 요소에 따른 기본 움직임 기술의 수행 방법을 파악하고 시도한다.,신체·노력·공간·관계 요소를 전반적으로 고려한 여러 가지 기본 움직임 기술의 수행 방법을 명확히 파악하고 다양한 상황에서 시도할 수 있다.,신체·노력·공간·관계 요소를 전반적으로 고려한 여러 가지 기본 움직임 기술의 수행 방법을 대략적으로 파악하고 시도할 수 있다.,신체·노력·공간·관계 중 일부 요소를 고려한 기본 움직임 기술의 수행 방법을 대략적으로 파악하고 부분적으로 시도할 수 있다.,,140
[4체02-04],초등 3~4학년군,체육,스포츠,기본 움직임 기술을 연결한 복합적인 움직임 기술을 파악하고 시도한다.,기본 움직임을 연결한 여러 가지 복합적인 움직임 기술을 명확히 파악하고 다양한 게임 상황에서 시도할 수 있다.,기본 움직임을 연결한 여러 가지 복합적인 움직임 기술을 대략적으로 파악하고 게임 상황에서 시도할 수 있다.,기본 움직임을 연결한 일부 움직임 기술을 대략적으로 파악하고 게임 상황에서 부분적으로 시도할 수 있다.,,140
[4체02-05],초등 3~4학년군,체육,스포츠,기술형 스포츠에 적합한 기본 움직임 기술을 파악하고 시도한다.,기술형 스포츠에 적합한 여러 가지 기본 움직임 기술을 구체적으로 파악하고 다양한 게임 상황에서 시도할 수 있다.,기술형 스포츠에 적합한 여러 가지 기본 움직임 기술을 대략적으로 파악하고 게임 상황에서 시도할 수 있다.,기술형 스포츠에 적합한 일부 기본 움직임 기술을 대략적으로 파악하고 게임 상황에서 부분적으로 시도할 수 있다.,,141
[4체02-06],초등 3~4학년군,체육,스포츠,전략형 스포츠에 적합한 기본 움직임 기술을 파악하고 시도한다.,전략형 스포츠에 적합한 여러 가지 기본 움직임 기술을 구체적으로 파악하고 다양한 게임 상황에서 기본적인 전략을 세워 시도할 수 있다.,전략형 스포츠에 적합한 여러 가지 기본 움직임 기술을 대략적으로 파악하고 게임 상황에서 시도할 수 있다.,전략형 스포츠에 적합한 일부 기본 움직임 기술을 대략적으로 파악하고 게임 상황에서 부분적으로 시도할 수 있다.,,141
[4체02-07],초등 3~4학년군,체육,스포츠,생태형 스포츠에 적합한 기본 움직임 기술을 파악하고 시도한다.,생태형 스포츠에 적합한 여러 가지 기본 움직임 기술을 구체적으로 파악하고 다양한 활동 상황에서 시도할 수 있다.,생태형 스포츠에 적합한 여러 가지 기본 움직임 기술을 대략적으로 파악하고 활동 상황에서 시도할 수 있다.,생태형 스포츠에 적합한 일부 기본 움직임 기술을 대략적으로 파악하고 활동 상황에서 부분적으로 시도할 수 있다.,,141
[4체02-08],초등 3~4학년군,체육,스포츠,움직임 기술 수행에 자신감을 갖고 적극적으로 시도한다.,움직임 기술 수행에 항상 자신감을 갖고 다양한 활동 상황에서 적극적으로 시도할 수 있다.,움직임 기술 수행에 자신감을 갖고 활동 상황에서 시도할 수 있다.,움직임 기술 수행에 자신감을 갖고자 노력하며 활동 상황에서 부분적으로 시도할 수 있다.,,141
[4체02-09],초등 3~4학년군,체육,스포츠,게임 활동에 최선을 다하고 규칙을 지킨다.,다양한 게임 활동에서 최선을 다하고 합의된 규칙을 일관되게 지키며 게임 활동에 참여할 수 있다.,일부 게임 활동에서 최선을 다하고 합의된 규칙을 지키며 게임 활동에 참여할 수 있다.,일부 게임 활동에 열심히 참여하고 합의된 규칙을 부분적으로 지킬 수 있다.,,141
[4체02-10],초등 3~4학년군,체육,스포츠,다양한 스포츠 환경에 개방적인 태도를 갖고 적극적이고 안전하게 스포츠 활동에 참여한다.,"다양한 스포츠 환경에 개방적인 태도를 갖고 이를 적극적으로 실천할 수 있으며, 여러 가지 스포츠 활동에 안전하게 참여할 수 있다.","일부 스포츠 환경에 개방적인 태도를 갖고 이를 실천할 수 있으며, 스포츠 활동에 안전하게 참여할 수 있다.","일부 스포츠 환경에 개방적인 태도를 갖고 이를 실천하기 위해 노력하며, 스포츠 활동에 부분적으로 안전하게 참여할 수 있다.",,142
[4체03-01],초등 3~4학년군,체육,표현,표현 활동의 의미와 기본 움직임 기술과의 관계를 파악한다.,"표현 활동의 의미를 명확하게 알고, 표현과 기본 움직임 기술과의 관계를 예를 들어 구체적으로 설명할 수 있다.","표현 활동의 의미를 대략적으로 알고, 표현과 기본 움직임 기술과의 관계를 예를 들어 설명할 수 있다.","표현 활동의 의미를 대략적으로 알고, 표현과 기본 움직임 기술과의 관계를 일부 제시할 수 있다.",,143
[4체03-02],초등 3~4학년군,체육,표현,움직임 요소에 따른 기본 움직임 기술의 표현 방법을 파악하고 시도한다.,"움직임 요소에 따른 기본 움직임 기술의 다양한 표현 방법을 명확하게 알고, 여러 가지 상황에서 아름답게 표현할 수 있다.","움직임 요소에 따른 기본 움직임 기술의 다양한 표현 방법을 대략적으로 알고, 여러 가지 상황에서 표현할 수 있다.","움직임 요소에 따른 기본 움직임 기술의 표현 방법 중 일부를 대략적으로 알고, 주어진 상황에서 부분적으로 표현할 수 있다.",,143
[4체03-03],초등 3~4학년군,체육,표현,기본 움직임 기술을 활용하여 사물이나 자연을 모방하여 표현한다.,다양한 기본 움직임 기술을 종합적으로 활용하여 사물이나 자연의 여러 가지 모양 또는 움직임을 모방해 아름답게 표현할 수 있다.,일부 기본 움직임 기술을 활용하여 사물이나 자연의 모양 또는 움직임을 모방해 표현할 수 있다.,일부 기본 움직임 기술을 부분적으로 활용하여 사물이나 자연의 모양 또는 움직임을 모방해 표현할 수 있다.,,143
[4체03-04],초등 3~4학년군,체육,표현,기본 움직임 기술을 활용하여 느낌이나 생각을 표현한다.,여러 기본 움직임 기술을 활용하여 자신의 느낌이나 생각을 창의적으로 표현할 수 있다.,일부 기본 움직임 기술을 활용하여 자신의 느낌이나 생각을 표현할 수 있다.,일부 기본 움직임 기술을 활용하여 자신의 느낌이나 생각을 부분적으로 표현할 수 있다.,,143
[4체03-05],초등 3~4학년군,체육,표현,기본 움직임 기술을 리듬에 맞춰 표현한다.,"리듬에 맞춰 표현하는 여러 가지 방법을 구체적으로 탐색하고, 다양한 기본 움직임 기술을 활용하여 리듬감을 살려 표현할 수 있다.","리듬에 맞춰 표현하는 여러 가지 방법을 대략적으로 탐색하고, 일부 기본 움직임 기술을 활용하여 리듬감을 살려 표현할 수 있다.","리듬에 맞춰 표현하는 방법을 대략적으로 탐색하고, 일부 기본 움직임 기술을 부분적으로 활용하여 리듬감을 표현할 수 있다.",,143
[4체03-06],초등 3~4학년군,체육,표현,기본 움직임 기술을 도구를 활용하여 표현한다.,"도구를 활용하여 표현하는 여러 가지 방법을 구체적으로 탐색하고, 다양한 기본 움직임 기술과 연결하여 아름답게 표현할 수 있다.","도구를 활용하여 표현하는 여러 가지 방법을 대략적으로 탐색하고, 일부 기본 움직임 기술과 연결하여 아름답게 표현할 수 있다.","도구를 활용하여 표현하는 방법을 대략적으로 탐색하고, 일부 기본 움직임 기술을 부분적으로 연결하여 표현할 수 있다.",,143
[4체03-07],초등 3~4학년군,체육,표현,움직임의 심미적 표현에 대한 호기심과 감수성을 나타낸다.,다양한 기본 움직임 기술로 아름답게 표현하는 여러 가지 활동에 깊은 관심을 갖고 감수성을 적극적으로 나타낼 수 있다.,다양한 기본 움직임 기술로 아름답게 표현하는 일부 활동에 관심을 갖고 감수성을 나타낼 수 있다.,기본 움직임 기술로 아름답게 표현하는 일부 활동에 부분적으로 관심을 갖고 감수성을 나타낼 수 있다.,,144
[4음01-01],초등 3~4학년군,음악,연주,바른 자세와 주법을 익혀 노래 부르거나 악기로 연주한다.,바른 자세와 주법을 충분히 이해하여 자연스럽게 노래 부르거나 악기로 연주한다.,바른 자세와 주법을 이해하여 노래 부르거나 악기로 연주한다.,바른 자세와 주법을 부분적으로 이해하여 노래 부르거나 악기로 연주한다.,,152
[4음01-02],초등 3~4학년군,음악,연주,기초적인 음악 요소를 살려 노래 부르거나 악기로 연주하고 느낌을 이야기한다.,기초적인 음악 요소를 충분히 이해하여 그 특징을 전체적으로 살려 노래 부르거나 악기로 연주하고 연주를 통해 알게 된 점과 연주에 대한 자신의 느낌을 이야기한다.,기초적인 음악 요소를 이해하여 그 특징을 살려 노래 부르거나 악기로 연주하고 연주에 대한 자신의 느낌을 이야기한다.,기초적인 음악 요소를 부분적으로 이해하여 그 특징을 일부 살려 노래 부르거나 악기로 연주하고 연주에 대한 자신의 느낌을 이야기하려고 노력한다.,,152
[4음01-03],초등 3~4학년군,음악,연주,노래와 악기 연주에 어울리는 신체표현이나 놀이를 하며 음악을 즐긴다.,노래와 악기 연주의 특성을 충분히 이해하여 악곡에 어울리는 신체표현이나 놀이를 하며 적극적인 태도로 음악을 즐긴다.,노래와 악기 연주의 특성을 이해하여 악곡에 어울리는 신체표현이나 놀이를 하며 음악을 즐긴다.,노래와 악기 연주의 특성을 부분적으로 이해하여 신체표현이나 놀이를 하며 음악을 즐기려고 노력한다.,,152
[4음01-04],초등 3~4학년군,음악,연주,생활 속에서 음악을 경험하며 연주에 관심을 가지고 참여한다.,생활 속의 음악을 충분히 이해하여 음악을 경험하며 연주 활동에 관심을 가지고 적극적으로 참여한다.,생활 속의 음악을 이해하여 음악을 경험하며 연주 활동에 관심을 가지고 참여한다.,생활 속의 음악을 부분적으로 이해하여 음악을 경험하며 연주 활동에 참여하려고 노력한다.,,152
[4음02-01],초등 3~4학년군,음악,감상,음악을 듣고 기초적인 음악 요소를 탐색하며 반응한다.,음악을 듣고 기초적인 음악 요소를 적극적으로 탐색하며 음악 요소의 특성에 따라 적절하게 반응한다.,음악을 듣고 기초적인 음악 요소를 탐색하며 음악 요소의 특성에 따라 반응한다.,음악을 듣고 기초적인 음악 요소에 대해 반응하려고 노력한다.,,153
[4음02-02],초등 3~4학년군,음악,감상,다양한 음악을 듣고 음악적 특징을 발견한다.,다양한 음악을 듣고 음악의 종류나 주제에 따른 음악적 특징을 발견하고 종합적으로 연관지어 구체적으로 이야기한다.,다양한 음악을 듣고 음악의 종류나 주제에 따른 음악적 특징을 발견하고 연관지어 이야기한다.,다양한 음악을 듣고 음악의 종류나 주제 등에 따른 음악적 특징을 발견하고 부분적으로 연관지어 이야기한다.,,153
[4음02-03],초등 3~4학년군,음악,감상,다양한 종류의 음악을 듣고 음악의 분위기를 묘사하거나 쓰임을 이야기한다.,다양한 분위기나 쓰임을 가진 여러 종류의 음악을 듣고 주어진 조건에 따라 음악의 분위기를 구체적으로 묘사하거나 쓰임에 대해 정확하게 이야기한다.,다양한 분위기나 쓰임을 가진 여러 종류의 음악을 듣고 주어진 조건에 따라 음악의 분위기를 묘사하거나 쓰임에 대해 이야기한다.,다양한 분위기나 쓰임을 가진 여러 종류의 음악을 듣고 주어진 조건에 따라 음악의 분위기를 간단하게 묘사하거나 쓰임에 대해 이야기하려고 노력한다.,,153
[4음02-04],초등 3~4학년군,음악,감상,생활 속에서 음악을 들으며 느낌과 호기심을 갖고 즐긴다.,생활 속에서 호기심을 가지고 다양한 음악을 듣고 음악을 친숙하게 느끼며 적극적으로 즐긴다.,생활 속에서 호기심을 가지고 음악을 듣고 음악을 친숙하게 느끼며 즐긴다.,생활 속에서 음악을 듣고 음악을 느끼며 즐기려고 노력한다.,,153
[4음02-05],초등 3~4학년군,음악,감상,우리 지역의 음악 문화유산을 찾아 듣고 국악을 즐기는 태도를 갖는다.,우리 지역의 음악 문화유산을 적극적으로 찾아 듣고 음악 문화유산을 충분히 이해하여 국악을 즐기는 태도를 갖는다.,우리 지역의 음악 문화유산을 찾아 듣고 음악 문화유산을 이해하여 국악을 즐기는 태도를 갖는다.,우리 지역의 음악 문화유산을 듣고 음악 문화유산을 부분적으로 이해하여 국악을 즐기는 태도를 가지려 노력한다.,,153
[4음03-01],초등 3~4학년군,음악,창작,느낌과 상상을 즉흥적으로 표현하며 음악에 대한 흥미를 갖는다.,경험에 관련된 느낌과 상상한 바를 어울리는 소리나 음악으로 즉흥적으로 표현하고 적극적으로 표현 활동하며 음악에 흥미를 갖는다.,경험에 관련된 느낌과 상상한 바를 소리나 음악으로 즉흥적으로 표현하며 음악에 대한 흥미를 갖는다.,"경험에 관련된 느낌과 상상한 바를 소리나 음악으로 즉흥적으로 표현하는 데 관심을 보이며, 음악에 대한 흥미를 가지려고 노력한다.",,154
[4음03-02],초등 3~4학년군,음악,창작,악곡의 일부를 바꾸어 표현하고 간단한 악보로 나타낸다.,악곡의 특성을 충분히 이해하여 그 일부를 바꾸어 표현하고 음표·기호·숫자 등을 적절히 활용하여 간단한 악보로 나타낸다.,악곡의 특성을 이해하여 그 일부를 바꾸어 표현하고 음표·기호·숫자 등을 활용하여 간단한 악보로 나타낸다.,악곡의 특성을 부분적으로 이해하여 그 일부를 바꾸어 표현하고 음표·기호·숫자 등을 일부 활용하여 간단한 악보로 나타내려고 노력한다.,,154
[4음03-03],초등 3~4학년군,음악,창작,기초적인 음악 요소를 활용하여 소리나 음악으로 표현한다.,기초적인 음악 요소를 적절하게 활용하여 음악 요소의 특징이 잘 나타나도록 소리나 음악으로 창의적으로 표현한다.,기초적인 음악 요소를 활용하여 음악 요소의 특징이 나타나도록 소리나 음악으로 표현한다.,기초적인 음악 요소를 활용하여 소리나 음악으로 표현하려고 노력한다.,,154
[4음03-04],초등 3~4학년군,음악,창작,생활 주변의 소리나 장면을 모방하며 음악의 새로움을 즐기는 태도를 갖는다.,생활 주변의 소리나 장면의 특징을 살려 실감나게 모방하며 새로운 음악적 표현을 적극적으로 즐기는 태도를 갖는다.,생활 주변의 소리나 장면의 특징을 살려 모방하며 새로운 음악적 표현을 즐기는 태도를 갖는다.,생활 주변의 소리나 장면을 모방하며 새로운 음악적 표현을 즐기려고 노력한다.,,154
[4미01-01],초등 3~4학년군,미술,미적 체험,자연물과 인공물을 탐색하는 데 다양한 감각을 활용할 수 있다.,자연물과 인공물을 탐색하는 데 쓰이는 자신의 다양한 감각을 이해하고 적극적으로 활용할 수 있다.,자연물과 인공물을 탐색하는 데 쓰이는 자신의 다양한 감각을 발견하고 활용할 수 있다.,자연물과 인공물을 탐색하는 데 자신의 다양한 감각을 제한적으로 활용할 수 있다.,,173
[4미01-02],초등 3~4학년군,미술,미적 체험,주변 대상을 체험하며 떠오른 느낌과 생각을 다양한 방법으로 나타낼 수 있다.,주변 대상을 체험하며 떠오른 느낌과 생각을 구체적이고 다양한 방법으로 나타낼 수 있다.,주변 대상을 체험하며 떠오른 느낌과 생각을 다양한 방법으로 나타낼 수 있다.,주변 대상을 체험하며 떠오른 느낌과 생각을 부분적으로 나타낼 수 있다.,,173
[4미01-03],초등 3~4학년군,미술,미적 체험,미적 탐색에 호기심을 갖고 참여하며 자신의 감각으로 대상의 특징을 이해할 수 있다.,미적 탐색에 호기심을 갖고 적극적으로 참여하며 자신의 감각으로 대상의 특징을 이해하고 설명할 수 있다.,미적 탐색에 호기심을 갖고 참여하며 자신의 감각으로 대상의 특징을 이해할 수 있다.,미적 탐색에 관심을 보이며 자신의 감각으로 대상의 특징을 부분적으로 이해할 수 있다.,,173
[4미01-04],초등 3~4학년군,미술,미적 체험,생활 속에서 활용되는 미술에 관심을 가지고 미술의 특징과 역할을 발견할 수 있다.,생활 속에서 활용되는 미술에 지속적인 관심을 가지고 여러 사례를 조사하여 미술의 특징과 역할을 다양하게 발견할 수 있다.,생활 속에서 활용되는 미술에 관심을 가지고 사례를 찾아 미술의 특징과 역할을 발견할 수 있다.,생활 속에서 활용되는 미술에 관심을 보이며 미술의 특징과 역할을 발견하고자 노력한다.,,173
[4미02-01],초등 3~4학년군,미술,표현,관찰과 상상으로 아이디어를 떠올려 표현 주제를 구체화할 수 있다.,관찰과 상상으로 다양한 아이디어를 떠올려 표현 주제를 구체화할 수 있다.,관찰과 상상으로 아이디어를 떠올려 표현 주제를 구체화할 수 있다.,관찰과 상상으로 아이디어를 떠올려 표현 주제를 나타낼 수 있다.,,174
[4미02-02],초등 3~4학년군,미술,표현,기본적인 표현 재료와 용구의 특성을 이해하고 사용 방법을 익힐 수 있다.,기본적인 표현 재료와 용구의 특성을 이해하고 설명하며 적절한 사용 방법을 익힐 수 있다.,기본적인 표현 재료와 용구의 특성을 이해하고 사용 방법을 익힐 수 있다.,기본적인 표현 재료와 용구의 특성을 부분적으로 이해하고 사용 방법을 익히고자 노력한다.,,174
[4미02-03],초등 3~4학년군,미술,표현,조형 요소의 특징을 자유롭게 탐색하며 주제 표현에 알맞게 활용할 수 있다.,"조형 요소의 다양한 특징을 자유롭게 탐색하여 이해하고 설명하며, 주제 표현에 적합한 조형 요소를 찾아 알맞게 활용할 수 있다.",조형 요소의 특징을 자유롭게 탐색하여 이해하고 주제 표현에 알맞게 활용할 수 있다.,조형 요소의 일부 특징을 알고 주제 표현에 활용하려고 시도할 수 있다.,,174
[4미02-04],초등 3~4학년군,미술,표현,표현 의도를 가지고 작품을 제작하며 자기 작품을 소중히 여길 수 있다.,분명한 표현 의도를 가지고 주도적으로 작품을 제작하며 자기 작품을 소중히 여기는 태도를 실천한다.,표현 의도를 가지고 작품을 제작하며 자기 작품을 소중히 여기는 태도를 가진다.,표현 의도를 작품 제작에 반영하고자 시도하며 자기 작품을 소중히 여기는 태도를 가지려고 노력한다.,,174
[4미02-05],초등 3~4학년군,미술,표현,미술과 타 교과를 관련지어 주제를 표현하는 데 흥미를 가질 수 있다.,다양한 탐색을 통해 미술과 타 교과를 관련지어 주제를 표현하는 데 지속적으로 흥미를 가진다.,미술과 타 교과를 관련지어 주제를 표현하는 데 흥미를 가진다.,미술과 타 교과를 관련지어 주제를 표현하는 데 흥미를 가지려고 노력한다.,,174
[4미03-01],초등 3~4학년군,미술,감상,미술 작품을 자세히 보고 작품과 미술가에 관해 질문할 수 있다.,미술 작품을 자세히 보고 작품과 미술가에 관해 다양하게 질문할 수 있다.,미술 작품을 자세히 보고 작품과 미술가에 관해 질문할 수 있다.,미술 작품을 보고 작품과 미술가에 관해 일부 질문을 시도할 수 있다.,,175
[4미03-02],초등 3~4학년군,미술,감상,미술 작품의 특징과 작품에 관한 자신의 느낌과 생각을 설명할 수 있다.,미술 작품의 다양한 특징과 작품에 관한 자신의 느낌과 생각을 구체적으로 설명할 수 있다.,미술 작품의 특징과 작품에 관한 자신의 느낌과 생각을 설명할 수 있다.,미술 작품의 특징과 작품에 관한 자신의 느낌과 생각을 부분적으로 설명할 수 있다,,175
[4미03-03],초등 3~4학년군,미술,감상,미술 문화에 관심을 가지고 전시 및 행사에 참여할 수 있다.,다양한 미술 문화에 관심을 가지고 미술 전시 및 행사에 주도적으로 참여할 수 있다.,미술 문화에 관심을 가지고 미술 전시 및 행사에 참여할 수 있다.,미술 문화에 일부 관심을 가지고 미술 전시 및 행사에 제한적으로 참여할 수 있다.,,175
[4미03-04],초등 3~4학년군,미술,감상,작품 감상에 흥미를 가지고 참여하며 작품에 대한 자신의 감상 관점을 존중할 수 있다.,작품 감상에 흥미를 가지고 적극적으로 참여하며 작품에 대한 자신의 감상 관점을 존중하는 태도를 내면화할 수 있다.,작품 감상에 흥미를 가지고 참여하며 작품에 대한 자신의 감상 관점을 존중할 수 있다.,작품 감상에 참여하며 작품에 대한 자신의 감상 관점을 가지려고 노력한다.,,175
[4영01-01],초등 3~4학년군,영어,이해,알파벳과 쉽고 간단한 단어의 소리를 듣고 식별한다.,알파벳과 쉽고 간단한 단어의 소리를 듣고 정확하게 식별할 수 있다.,알파벳과 쉽고 간단한 단어의 소리를 듣고 대체로 식별할 수 있다.,알파벳과 매우 쉽고 간단한 단어의 소리를 반복하여 듣고 부분적으로 식별할 수 있다.,,193
[4영01-02],초등 3~4학년군,영어,이해,알파벳 대소문자를 식별하여 읽는다.,알파벳 대소문자를 식별하여 정확하게 읽을 수 있다.,알파벳 대소문자를 식별하여 대체로 읽을 수 있다.,알파벳 대소문자를 식별하여 부분적으로 읽을 수 있다.,,193
[4영01-03],초등 3~4학년군,영어,이해,"쉽고 간단한 단어, 어구, 문장을 듣고 강세, 리듬, 억양을 식별한다.","쉽고 간단한 단어, 어구, 문장을 듣고 강세, 리듬, 억양을 정확하게 식별할 수 있다.","쉽고 간단한 단어, 어구, 문장을 듣고 강세, 리듬, 억양을 대체로 식별할 수 있다.","매우 쉽고 간단한 단어, 어구, 문장을 반복하여 듣고 강세, 리듬, 억양을 부분적으로 식별할 수 있다.",,193
[4영01-04],초등 3~4학년군,영어,이해,"소리와 철자의 관계를 이해하며 쉽고 간단한 단어, 어구, 문장을 소리 내어 읽는다.","소리와 철자의 관계를 이해하며 쉽고 간단한 단어, 어구, 문장을 정확하게 소리 내어 읽을 수 있다.","소리와 철자의 관계를 이해하며 쉽고 간단한 단어, 어구, 문장을 대체로 소리 내어 읽을 수 있다.","소리와 철자의 관계를 이해하며 매우 쉽고 간단한 단어, 어구, 문장을 부분적으로 소리 내어 읽을 수 있다.",,193
[4영01-05],초등 3~4학년군,영어,이해,"쉽고 간단한 단어, 어구, 문장의 의미를 이해한다.","쉽고 간단한 단어, 어구, 문장을 듣거나 읽고 의미를 정확하게 이해할 수 있다.","쉽고 간단한 단어, 어구, 문장을 듣거나 읽고 의미를 대체로 이해할 수 있다.","매우 쉽고 간단한 단어, 어구, 문장을 반복하여 듣거나 읽고 시각 자료 등의 도움을 받아 의미를 부분적으로 이해할 수 있다.",,193
[4영01-06],초등 3~4학년군,영어,이해,자기 주변 주제에 관한 담화의 주요 정보를 파악한다.,"자기 주변 주제에 관한 담화를 듣거나 읽고 모습, 크기, 색깔, 인물, 장소, 시간 등의 주요 정보를 정확하게 파악할 수 있다.","자기 주변 주제에 관한 담화를 듣거나 읽고 모습, 크기, 색깔, 인물, 장소, 시간 등의 주요 정보를 대체로 파악할 수 있다.","자기 주변 주제에 관한 쉽고 간단한 담화를 반복하여 듣거나 읽고 모습, 크기, 색깔, 인물, 장소, 시간 등의 주요 정보를 시각 자료 등의 도움을 받아 부분적으로 파악할 수 있다.",,193
[4영01-07],초등 3~4학년군,영어,이해,적절한 전략을 활용하여 담화나 문장을 듣거나 읽는다.,적절한 전략을 다양하게 활용하여 담화나 문장을 듣거나 읽을 수 있다.,적절한 전략을 일부 활용하여 담화나 문장을 듣거나 읽을 수 있다.,예시를 참고하여 적절한 전략을 일부 활용하여 담화나 문장을 듣거나 읽을 수 있다.,,194
[4영01-08],초등 3~4학년군,영어,이해,다양한 매체로 표현된 담화나 문장을 흥미를 가지고 듣거나 읽는다.,다양한 매체로 표현된 담화나 문장을 높은 흥미를 가지고 스스로 찾아 듣거나 읽는다.,다양한 매체로 표현된 담화나 문장을 대체로 흥미를 가지고 듣거나 읽는다.,다양한 매체로 표현된 담화나 문장을 흥미를 가지려고 노력하며 듣거나 읽는다.,,194
[4영01-09],초등 3~4학년군,영어,이해,"시, 노래, 이야기를 공감하며 듣는다.","시, 노래, 이야기를 스스로 찾아 들으면서 화자의 기쁨, 슬픔 등의 감정을 느끼고 적극적으로 공감하는 태도를 보인다.","시, 노래, 이야기를 들으면서 화자의 기쁨, 슬픔 등의 감정을 느끼고 공감하는 태도를 보인다.","시, 노래, 이야기를 들으면서 화자의 기쁨, 슬픔 등의 감정을 느끼고 공감하는 태도를 가지려고 노력한다.",,194
[4영01-10],초등 3~4학년군,영어,이해,자기 주변 주제나 문화에 관한 담화나 문장을 존중의 태도로 듣거나 읽는다.,자기 주변 주제나 문화에 관한 담화나 문장을 듣거나 읽을 때 다양한 생각을 존중하는 적극적인 태도를 보인다.,자기 주변 주제나 문화에 관한 담화나 문장을 듣거나 읽을 때 다양한 생각을 존중하는 태도를 보인다.,자기 주변 주제나 문화에 관한 담화나 문장을 듣거나 읽을 때 다양한 생각을 존중하는 태도를 가지려고 노력한다.,,194
[4영02-01],초등 3~4학년군,영어,표현,"쉽고 간단한 단어, 어구, 문장을 강세, 리듬, 억양에 맞게 따라 말한다.","쉽고 간단한 단어, 어구, 문장을 듣고 강세, 리듬, 억양에 맞게 정확하게 따라 말할 수 있다.","쉽고 간단한 단어, 어구, 문장을 듣고 강세, 리듬, 억양에 맞게 대체로 따라 말할 수 있다.","매우 쉽고 간단한 단어, 어구, 문장을 반복하여 듣고 강세, 리듬, 억양에 맞게 부분적으로 따라 말할 수 있다.",,195
[4영02-02],초등 3~4학년군,영어,표현,알파벳 대소 문자를 구별하여 쓴다.,알파벳 대소 문자를 구별하여 정확하게 쓸 수 있다.,알파벳 대소 문자를 구별하여 대체로 쓸 수 있다.,알파벳 대소 문자를 구별하여 부분적으로 쓸 수 있다.,,195
[4영02-03],초등 3~4학년군,영어,표현,소리와 철자의 관계를 바탕으로 쉽고 간단한 단어를 쓴다.,소리와 철자의 관계를 바탕으로 쉽고 간단한 단어를 정확하게 쓸 수 있다.,소리와 철자의 관계를 바탕으로 쉽고 간단한 단어를 대체로 쓸 수 있다.,소리와 철자의 관계를 바탕으로 매우 쉽고 간단한 단어를 부분적으로 쓸 수 있다.,,195
[4영02-04],초등 3~4학년군,영어,표현,"실물, 그림, 동작 등을 보고 쉽고 간단한 문장으로 말하거나 단어나 어구를 쓴다.","실물, 그림, 동작 등을 보고 적절한 단어와 언어 형식을 사용하여 쉽고 간단한 문장으로 말하거나 단어나 어구를 정확하게 쓸 수 있다.","실물, 그림, 동작 등을 보고 적절한 단어를 사용하여 쉽고 간단한 문장으로 대체로 말하거나 단어나 어구를 대체로 쓸 수 있다.","실물, 그림, 동작 등을 보고 주어진 단어를 사용하여 매우 쉽고 간단한 문장으로 부분적으로 말하거나 주어진 철자를 사용하여 단어나 어구를 부분적으로 쓸 수 있다.",,195
[4영02-05],초등 3~4학년군,영어,표현,"자신, 주변 사람이나 사물의 소개나 묘사를 쉽고 간단한 문장으로 말하거나 보고 쓴다.","자신, 주변 사람이나 사물을 소개 또는 묘사하는 말을 적절한 단어와 언어 형식을 사용하여 쉽고 간단한 문장으로 말하거나 제시된 문장을 정확하게 보고 쓸 수 있다.","자신, 주변 사람이나 사물을 소개 또는 묘사하는 말을 적절한 단어를 사용하여 쉽고 간단한 문장으로 대체로 말하거나 제시된 문장을 대체로 보고 쓸 수 있다.","자신, 주변 사람이나 사물을 소개 또는 묘사하는 말을 주어진 도움 자료를 참고하여 매우 쉽고 간단한 문장으로 부분적으로 말하거나 제시된 문장을 부분적으로 보고 쓸 수 있다.",,195
[4영02-06],초등 3~4학년군,영어,표현,행동 지시를 쉽고 간단한 문장으로 말하거나 보고 쓴다.,행동을 지시하는 말을 적절한 단어와 언어 형식을 사용하여 쉽고 간단한 문장으로 말하거나 제시된 문장을 정확하게 보고 쓸 수 있다.,행동을 지시하는 말을 적절한 단어를 사용하여 쉽고 간단한 문장으로 대체로 말하거나 제시된 문장을 대체로 보고 쓸 수 있다.,주어진 도움 자료를 사용하여 행동을 지시하는 말을 매우 쉽고 간단한 문장으로 부분적으로 말하거나 제시된 문장을 부분적으로 보고 쓸 수 있다.,,195
[4영02-07],초등 3~4학년군,영어,표현,자신의 감정을 쉽고 간단한 문장으로 말하거나 보고 쓴다.,자신의 감정을 적절한 단어와 언어 형식을 사용하여 쉽고 간단한 문장으로 말하거나 제시된 문장을 정확하게 보고 쓸 수 있다.,자신의 감정을 적절한 단어를 사용하여 쉽고 간단한 문장으로 대체로 말하거나 제시된 문장을 대체로 보고 쓸 수 있다.,주어진 도움 자료를 사용하여 자신의 감정을 매우 쉽고 간단한 문장으로 부분적으로 말하거나 제시된 문장을 부분적으로 보고 쓸 수 있다.,,196
[4영02-08],초등 3~4학년군,영어,표현,자기 주변 주제에 관한 담화의 주요 정보를 묻거나 답한다.,자기 주변 주제에 관한 담화의 주요 정보를 적절한 단어와 언어 형식에 맞게 묻거나 답할 수 있다.,자기 주변 주제에 관한 담화의 주요 정보를 적절한 단어를 사용하여 대체로 묻거나 답할 수 있다.,자기 주변 주제에 관한 담화의 주요 정보를 주어진 단어를 참고하여 부분적으로 묻거나 답할 수 있다.,,196
[4영02-09],초등 3~4학년군,영어,표현,적절한 매체나 전략을 활용하여 창의적으로 의미를 표현한다.,적절한 매체나 전략을 다양하게 활용하여 창의적으로 의미를 표현할 수 있다.,적절한 매체나 전략을 일부 활용하여 창의적으로 의미를 표현할 수 있다.,예시를 참고하여 적절한 매체나 전략을 일부 활용하여 창의적으로 의미를 표현할 수 있다.,,196
[4영02-10],초등 3~4학년군,영어,표현,의사소통 활동에 흥미와 자신감을 가지고 대화 예절을 지키며 참여한다.,의사소통 활동에 높은 흥미와 자신감을 가지고 상대방을 배려하고 차례를 지키며 대화에 적극적으로 참여한다.,의사소통 활동에 대체로 흥미와 자신감을 가지고 상대방을 배려하고 차례를 지키며 대화에 참여하는 태도를 보인다.,의사소통 활동에 일부 흥미와 자신감을 가지고 상대방을 배려하고 차례를 지키며 참여하려고 노력한다.,,196
[6국01-01],초등 5~6학년군,국어,듣기·말하기,대화에서 생략된 내용을 추론하며 듣는다.,대화에서 들은 내용에 담긴 정보와 맥락을 적극적으로 활용하여 드러나지 않거나 생략된 내용을 적절하게 추론하며 들을 수 있다.,대화에서 들은 내용에 담긴 정보와 맥락을 활용하여 드러나지 않거나 생략된 내용을 추론하며 들을 수 있다.,대화에서 들은 내용에 담긴 정보와 맥락을 제한적으로 활용하여 드러나지 않거나 생략된 내용을 부분적으로 추론하며 듣는다.,,21
[6국01-02],초등 5~6학년군,국어,듣기·말하기,주장을 파악하고 이유나 근거가 타당한지 평가하며 듣는다.,"상대의 주장, 이유, 근거를 정확하게 파악하고, 이유나 근거가 주장을 타당하게 뒷받침하는지 적극적으로 평가하며 들을 수 있다.","상대의 주장, 이유, 근거를 파악하고, 이유나 근거가 주장을 타당하게 뒷받침하는지 평가하며 들을 수 있다.","상대의 주장, 이유, 근거를 제한적으로 파악하고, 이유나 근거를 부분적으로 평가하며 듣는다.",,21
[6국01-03],초등 5~6학년군,국어,듣기·말하기,주제와 관련하여 궁금한 내용을 질문하며 적극적으로 듣고 말한다.,"듣기 목적에 맞게 주제와 관련하여 궁금한 내용에 대해 분명한 표현으로 질문하며, 적극적으로 듣고 말할 수 있다.","듣기 목적에 맞게 주제와 관련하여 궁금한 내용에 대해 질문하며, 적극적으로 듣고 말할 수 있다.",주제와 관련하여 궁금한 내용에 대해 제한적으로 질문하며 듣고 말한다.,,21
[6국01-04],초등 5~6학년군,국어,듣기·말하기,면담의 절차를 이해하고 상대와 매체를 고려하여 면담한다.,"면담의 절차를 이해하여 상황에 맞게 적절하게 적용하고, 상대와 매체를 고려하여 효과적으로 면담할 수 있다.","면담의 절차를 이해하여 단계적으로 수행하고, 상대와 매체를 고려하여 면담할 수 있다.",면담의 절차를 부분적으로 이해하고 상대와 매체를 일부 고려하여 면담한다.,,21
[6국01-05],초등 5~6학년군,국어,듣기·말하기,자료를 선별하여 핵심 정보를 중심으로 내용을 구성하고 매체를 활용하여 발표한다.,"말하기 목적과 주제를 고려하여 선별한 자료에서 핵심 정보를 중심으로 내용을 효과적으로 구성하고, 말하기 상황과 내용에 적합한 매체를 활용하여 발표할 수 있다.","선별한 자료에서 핵심 정보를 중심으로 내용을 구성하고, 말하기 상황과 내용에 적절한 매체를 활용하여 발표할 수 있다.","수집한 자료에서 발표 내용을 제한적으로 구성하고, 매체를 부분적으로 활용하여 발표한다.",,22
[6국01-06],초등 5~6학년군,국어,듣기·말하기,토의에 협력적으로 참여하며 서로의 의견을 비교하고 조정한다.,"다른 사람의 의견을 경청하고 자신의 의견을 타당하게 제시하며 토의 활동에 협력적으로 참여하고, 서로의 의견을 종합적으로 검토하고 비교하여 조정할 수 있다.","다른 사람의 의견을 경청하고 자신의 의견을 제시하며 토의 활동에 협력적으로 참여하고, 서로의 의견을 검토하고 비교하여 조정할 수 있다.",토의에 제한적으로 참여하며 서로의 의견을 부분적으로 비교한다.,,22
[6국01-07],초등 5~6학년군,국어,듣기·말하기,절차와 규칙을 지키고 타당한 이유와 근거를 제시하며 토론한다.,"토론의 절차와 규칙을 정확하게 지키며, 주장에 대한 타당한 이유와 근거를 명확하게 제시하며 토론할 수 있다.","토론의 절차와 규칙을 지키며, 주장에 대한 타당한 이유와 근거를 제시하며 토론할 수 있다.","토론의 절차와 규칙을 제한적으로 따르며, 주장에 대한 이유나 근거를 일부 제시하며 토론에 참여한다.",,22
[6국02-01],초등 5~6학년군,국어,읽기,글의 구조를 고려하며 주제나 주장을 파악하고 글 내용을 요약한다.,글의 구조를 고려하며 주제나 주장을 정확하게 파악하고 글의 내용을 자신의 언어로 중심 내용이 잘 드러나게 요약할 수 있다.,글의 구조를 고려하며 주제나 주장을 파악하고 글의 내용을 자신의 언어로 요약할 수 있다.,글의 구조를 고려하며 글의 내용을 부분적으로 파악하고 이를 요약한다.,,23
[6국02-02],초등 5~6학년군,국어,읽기,글에서 생략된 내용이나 함축된 표현을 문맥을 고려하여 추론한다.,"글의 문맥을 고려하여 의미를 이해할 수 있으며 생략된 내용이나 이어질 내용, 함축된 표현을 정확하게 추론할 수 있다.",글의 문맥을 고려하여 생략된 내용이나 함축된 표현을 추론할 수 있다.,글의 문맥을 일부 고려하며 글에서 생략된 내용과 함축된 표현을 제한적으로 추론한다.,,23
[6국02-03],초등 5~6학년군,국어,읽기,글이나 자료를 읽고 내용의 타당성과 표현의 적절성을 평가한다.,글이나 자료를 읽고 평가 근거를 토대로 내용의 타당성과 표현의 적절성을 종합적으로 평가할 수 있다.,글이나 자료를 읽고 평가 근거를 토대로 내용의 타당성과 표현의 적절성을 평가할 수 있다.,글이나 자료를 읽고 내용의 타당성이나 표현의 적절성을 부분적으로 평가한다.,,23
[6국02-04],초등 5~6학년군,국어,읽기,문제 상황과 관련된 다양한 관점의 글을 읽고 이를 문제 해결에 활용한다.,"문제 상황과 관련된 다양한 관점의 글을 읽고, 내용의 타당성과 유용성을 평가하여 문제 해결 방안을 마련하는 데 이를 활용할 수 있다.",문제 상황과 관련된 다양한 관점의 글을 읽고 문제 해결 방안을 마련하는 데 이를 활용할 수 있다.,문제 상황과 관련된 다양한 관점의 글을 읽고 문제 해결 방안을 마련하는 데 이를 제한적으로 활용한다.,,23
[6국02-05],초등 5~6학년군,국어,읽기,긍정적인 읽기 동기를 형성하고 적극적으로 읽기에 참여하는 태도를 기른다.,"읽기의 중요성과 가치를 인식하고, 긍정적인 읽기 동기를 형성하며 읽기 활동에 적극적이고 주도적으로 참여하는 태도를 지닌다.",긍정적인 읽기 동기를 형성하며 읽기 활동에 적극적으로 참여하는 태도를 지닌다.,긍정적인 읽기 동기 형성과 읽기 활동에 대한 참여가 제한적이다.,,23
[6국03-01],초등 5~6학년군,국어,쓰기,알맞은 내용을 선정하여 대상의 특성이 나타나게 설명하는 글을 쓴다.,"설명 대상의 특성을 드러내는 알맞은 내용을 선정하고, 이를 효과적으로 나타낼 수 있는 적절한 설명 방법을 활용하여 독자가 이해하기 쉽게 설명하는 글을 쓸 수 있다.",설명 대상의 특성을 드러내는 알맞은 내용을 선정하고 이를 나타낼 수 있는 설명 방법을 활용하여 설명하는 글을 쓸 수 있다.,설명 대상의 특성을 드러내는 내용을 일부 선정하고 이와 관련된 설명 방법을 부분적으로 활용하여 설명하는 글을 쓴다.,,24
[6국03-02],초등 5~6학년군,국어,쓰기,적절한 근거를 사용하고 인용의 출처를 밝히며 주장하는 글을 쓴다.,주장을 뒷받침하는 이유와 적절한 근거를 들고 인용의 출처를 정확하게 밝히며 자신의 주장을 설득력 있게 제시하는 주장하는 글을 쓸 수 있다.,주장과 관련한 적절한 근거를 들고 인용의 출처를 밝히며 자신의 주장을 명확하게 제시하는 주장하는 글을 쓸 수 있다.,주장과 관련한 근거를 들고 인용의 출처를 부분적으로 밝히며 주장하는 글을 쓴다.,,24
[6국03-03],초등 5~6학년군,국어,쓰기,체험한 일에 대한 감상을 나타내는 글을 쓴다.,체험한 일과 이에 대한 감상을 풍부하게 나타내는 글을 쓸 수 있다.,체험한 일에 대한 감상을 나타내는 글을 쓸 수 있다.,일상의 체험에 대한 감상을 일부 나타내는 글을 쓴다.,,24
[6국03-04],초등 5~6학년군,국어,쓰기,독자와 매체를 고려하여 내용을 생성하고 표현하며 글을 쓴다.,독자와 매체와 같은 쓰기의 상황 맥락을 전체적으로 고려하여 적절한 내용을 생성하고 효과적으로 표현하며 글을 쓸 수 있다.,독자와 매체와 같은 쓰기의 상황 맥락을 고려하여 내용을 생성하고 표현하며 글을 쓸 수 있다.,독자 또는 매체를 고려하여 내용을 일부 생성하고 표현하며 글을 쓴다.,,24
[6국03-05],초등 5~6학년군,국어,쓰기,"쓰기 과정을 점검·조정하며 글을 쓰고, 글 전체를 대상으로 통일성 있게 고쳐 쓴다.","쓰기 과정을 능동적으로 점검‧조정하며 글을 쓸 수 있고, 다양한 유형의 글에 대해 글 전체의 내용과 표현을 통일성 있게 효과적으로 고쳐 쓸 수 있다.","쓰기 과정을 점검‧조정하며 글을 쓸 수 있고, 글 전체의 내용과 표현을 통일성 있게 고쳐 쓸 수 있다.","쓰기 과정을 부분적으로 점검하면서 글을 쓰고, 일부 유형의 글에 대해 글 전체의 내용이나 표현을 통일성 있게 고쳐 쓴다.",,24
[6국03-06],초등 5~6학년군,국어,쓰기,쓰기에 적극적으로 참여하며 자신의 글을 독자와 공유하는 태도를 지닌다.,쓰기 맥락을 고려하여 쓰기에 적극적이고 주도적으로 참여하며 자신의 글을 다양한 독자와 공유하는 태도를 지닌다.,쓰기 맥락을 고려하여 쓰기에 적극적으로 참여하며 자신의 글을 독자와 공유하는 태도를 지닌다.,쓰기에 참여하며 자신의 글을 독자와 공유하려는 태도를 지닌다.,,24
[6국04-01],초등 5~6학년군,국어,문법,음성 언어 및 문자 언어의 특성을 이해하고 다양한 매체 자료에서 표현 효과를 평가한다.,음성 언어 및 문자 언어의 특성을 분석하고 다양한 매체 자료에서 표현 효과를 종합적으로 평가할 수 있다.,음성 언어 및 문자 언어의 특성을 이해하고 매체 자료에서 표현 효과를 분석할 수 있다.,음성 언어와 문자 언어의 특성을 확인하고 매체 자료에서 표현 효과를 제한적으로 이해한다.,,25
[6국04-02],초등 5~6학년군,국어,문법,표준어와 방언의 기능을 파악하고 언어 공동체와 국어생활과의 관계를 이해한다.,표준어와 방언의 다양한 기능을 분석하고 언어 공동체와 국어생활과의 관계를 종합적으로 이해할 수 있다.,표준어와 방언의 기능을 이해하고 언어 공동체와 국어생활과의 관계를 이해할 수 있다.,표준어와 방언의 기능을 확인하고 언어 공동체와 국어생활과의 관계를 제한적으로 이해한다.,,25
[6국04-03],초등 5~6학년군,국어,문법,고유어와 관용 표현의 쓰임과 가치를 이해하고 상황에 맞게 표현한다.,고유어와 관용 표현의 다양한 쓰임과 가치를 분석하고 적절한 표현을 상황에 따라 효과적으로 활용할 수 있다.,고유어와 관용 표현의 쓰임과 가치를 이해하고 이를 상황에 따라 표현할 수 있다.,고유어와 관용 표현의 쓰임과 가치를 확인하고 일부를 상황에 따라 제한적으로 표현한다.,,25
[6국04-04],초등 5~6학년군,국어,문법,문장 성분을 이해하고 호응 관계가 올바른 문장을 구성한다.,문장 성분을 분석하고 국어생활에서 호응 관계가 올바른 다양한 문장을 구성할 수 있다.,문장 성분을 이해하고 문장 성분이 호응 관계를 이루는 문장을 구성할 수 있다.,문장 성분을 확인하고 문장 성분이 호응 관계를 이루는 문장을 제한적으로 구성한다.,,25
[6국04-05],초등 5~6학년군,국어,문법,글과 담화에 쓰인 시간 표현을 이해하고 상황에 맞게 표현한다.,글과 담화에 쓰인 다양한 시간 표현을 분석하고 적절한 표현을 상황에 따라 효과적으로 활용할 수 있다.,글과 담화에 쓰인 시간 표현을 이해하고 이를 상황에 따라 표현할 수 있다.,글과 담화에 쓰인 시간 표현을 확인하고 일부를 상황에 따라 제한적으로 표현한다.,,25
[6국04-06],초등 5~6학년군,국어,문법,"글과 담화에 쓰인 단어 및 문장, 띄어쓰기를 민감하게 살펴 바르게 고치는 태도를 지닌다.","국어생활에서 글과 담화에 쓰인 단어 및 문장, 띄어쓰기를 민감하게 점검하여 바르게 고치는 태도를 내면화한다.","글과 담화에 쓰인 단어 및 문장, 띄어쓰기를 점검하여 바르게 고치는 태도를 지닌다.","글과 담화에 쓰인 단어 및 문장, 띄어쓰기를 제한적으로 점검하고 바르게 고치는 것에 관심을 가진다.",,25
[6국05-01],초등 5~6학년군,국어,문학,작가의 의도를 생각하며 작품을 읽는다.,작가의 의도를 적절하게 생각하며 작품을 깊이 있게 읽을 수 있다.,작가의 의도를 생각하며 작품을 읽을 수 있다.,작가의 의도를 부분적으로 생각하며 작품을 읽는다.,,26
[6국05-02],초등 5~6학년군,국어,문학,비유적 표현의 효과에 유의하여 작품을 감상한다.,비유적 표현의 특성과 효과에 유의하여 작품을 즐겨 감상할 수 있다.,비유적 표현의 효과에 유의하여 작품을 감상할 수 있다.,비유에 대한 부분적인 이해를 바탕으로 비유적 표현을 찾으며 작품을 읽는다.,,26
[6국05-03],초등 5~6학년군,국어,문학,"소설이나 극을 읽고 인물, 사건, 배경을 파악한다.","인물, 사건, 배경에 대한 이해를 바탕으로 소설이나 극을 읽고 인물, 사건, 배경을 적절하게 정리할 수 있다.","인물, 사건, 배경에 대한 이해를 바탕으로 소설이나 극을 읽고 인물, 사건, 배경을 찾을 수 있다.","소설이나 극을 읽고 인물, 사건, 배경이 있음을 안다.",,26
[6국05-04],초등 5~6학년군,국어,문학,인상적인 부분을 중심으로 작품에 대한 의견을 나눈다.,작품에서 인상적인 부분을 찾아 그 이유를 작품과 연결 지어 구체적으로 설명하고 다른 사람과 의견을 즐겨 나눌 수 있다.,작품에서 인상적인 부분을 찾아 그 이유를 말하면서 다른 사람과 의견을 나눌 수 있다.,작품에서 인상적인 부분을 찾아 자신의 의견을 말한다.,,26
[6국05-05],초등 5~6학년군,국어,문학,"자신의 경험을 시, 소설, 극, 수필 등 적절한 갈래로 표현한다.","일상생활에서의 경험을 시, 소설, 극, 수필 등의 적절한 갈래로 창의적으로 표현할 수 있다.","일상생활에서의 경험을 시, 소설, 극, 수필 등의 갈래로 표현할 수 있다.","일상생활에서의 경험을 시, 소설, 극, 수필 등의 갈래로 간단하게 표현한다.",,26
[6국05-06],초등 5~6학년군,국어,문학,작품을 읽고 자신의 삶과 연관 지어 성찰하는 태도를 지닌다.,작품을 읽고 자신의 삶을 작품과 적절하게 연관 지어 탐색하고 적극적으로 성찰하는 태도를 지닌다.,작품을 읽고 자신의 삶을 작품과 연관 지어 탐색하고 성찰하는 태도를 지닌다.,작품을 읽고 연관된 자신의 경험을 떠올리는 태도를 지닌다.,,26
[6국06-01],초등 5~6학년군,국어,매체,정보 검색 도구를 활용하여 자신의 목적에 맞는 매체 자료를 찾는다.,정보 검색 도구의 기능과 특성을 이해하고 적절한 정보 검색 전략을 활용하여 목적에 맞는 다양한 매체 자료를 찾고 활용할 수 있다.,정보 검색 도구의 기능이나 특성을 이해하고 정보 검색 도구를 활용하여 목적에 맞는 매체 자료를 찾을 수 있다.,정보 검색 도구를 활용하여 매체 자료를 찾는다.,,27
[6국06-02],초등 5~6학년군,국어,매체,뉴스 및 각종 정보 매체 자료의 신뢰성을 평가한다.,정보 매체 자료의 신뢰성 평가 기준을 다각적으로 고려하여 뉴스 및 각종 정보 매체 자료의 신뢰성을 종합적으로 평가할 수 있다.,정보 매체 자료의 신뢰성 평가 기준에 따라 뉴스 및 각종 정보 매체 자료의 신뢰성을 평가할 수 있다.,뉴스나 정보 매체 자료의 신뢰성을 제한적으로 평가한다.,,27
[6국06-03],초등 5~6학년군,국어,매체,적합한 양식과 수용자의 반응을 고려하여 복합양식 매체 자료를 제작하고 공유한다.,다양한 매체 및 매체 자료의 양식적 특성과 수용자의 반응을 적극적으로 고려하여 효과적인 복합양식 매체 자료를 제작하고 공유할 수 있다.,다양한 매체 및 매체 자료의 양식적 특성과 수용자의 반응을 고려하여 복합양식 매체 자료를 제작하고 공유할 수 있다.,다양한 매체 및 매체 자료의 양식적 특성을 제한적으로 고려하여 복합양식 매체 자료의 일부를 제작하고 공유한다.,,27
[6국06-04],초등 5~6학년군,국어,매체,자신의 매체 이용 양상에 대해 성찰한다.,자신의 매체 이용 양상을 다양한 측면에서 성찰하고 바람직한 매체 이용 방법을 능동적으로 탐색할 수 있다.,자신의 매체 이용 양상을 성찰하고 바람직한 매체 이용 방법을 탐색할 수 있다.,자신의 매체 이용 양상을 떠올리고 바람직한 매체 이용 방법을 제한적으로 탐색한다.,,27
[6사01-01],초등 5~6학년군,사회,우리나라 국토 여행,"우리나라 산지, 하천, 해안 지형의 위치를 확인하고 지형의 분포 특징을 탐구한다.","우리나라 산지, 하천, 해안 지형의 위치를 다양한 자료를 이용하여 조사하고, 우리나라 지형 분포의 특징을 분석할 수 있다.","우리나라 산지, 하천, 해안 지형의 위치를 지도에서 찾고, 우리나라 지형 분포의 특징을 설명할 수 있다.","우리나라 산지, 하천, 해안 지형을 지도에서 찾고 우리나라 지형 분포의 특징을 말할 수 있다.",,39
[6사01-02],초등 5~6학년군,사회,우리나라 국토 여행,독도의 지리적 특성과 독도에 대한 역사 기록을 바탕으로 영토로서 독도의 중요성을 이해한다.,"독도의 지리적 특성을 분석하고, 주요 역사 기록을 탐구하여 영토로서 독도의 중요성과 가치를 설명할 수 있다.","독도의 지리적 특성과 독도에 대한 역사 기록을 조사하고, 독도의 중요성을 설명할 수 있다.","독도의 지리적 특성을 파악하고 독도에 대한 역사 기록을 제시하며, 독도의 중요성을 인식할 수 있다.",,39
[6사02-01],초등 5~6학년군,사회,우리나라 지리 탐구,"우리나라의 계절별 기후 특징을 자료에서 탐구하고, 기후변화로 인한 자연재해의 심각성을 이해한다.","자료를 바탕으로 우리나라의 계절별 기후 특징을 분석하고, 기후변화로 인해 나타나는 자연재해의 심각성을 설명하며 기후변화에 대응하기 위한 행동에 참여할 수 있다.","자료를 바탕으로 우리나라의 계절별 기후 특징을 조사하고, 기후변화로 인해 나타나는 자연재해의 심각성을 설명할 수 있다.","자료를 바탕으로 우리나라의 계절별 기후 특징을 인식하고, 기후변화로 인해 나타난 자연재해를 제시할 수 있다.",,39
[6사02-02],초등 5~6학년군,사회,우리나라 지리 탐구,"우리나라의 지역별 인구 분포의 특징을 알아보고, 이에 따른 문제점과 해결 방안을 탐색한다.","우리나라 지역별 인구 분포의 특징을 분석하고, 이에 따른 문제점을 찾아 해결 방안을 조사하고 이와 관련된 사례를 설명할 수 있다.","우리나라 지역별 인구 분포의 특징을 설명하고, 이에 따른 문제점을 찾아 해결 방안을 조사할 수 있다.","우리나라 지역별 인구 분포의 특징을 나열하고, 이에 따른 문제점을 말할 수 있다.",,39
[6사03-01],초등 5~6학년군,사회,법과 인권의 보장,"일상 사례에서 법의 의미와 역할을 이해하고, 헌법에 규정된 인권이 일상생활에서 구현되는 사례를 조사하여 인권 친화적 태도를 기른다.","일상생활의 사례를 통해 법의 의미와 역할을 설명하고, 헌법에 규정된 인권이 일상생활에서 구현되는 사례를 조사하며 인권 존중을 실천할 수 있다.","일상생활의 사례와 관련지어 법의 의미와 역할을 이해하고, 헌법에 규정된 인권이 일상생활에서 구현되는 사례를 통해 인권을 존중하는 태도를 가진다.","일상의 사례에서 법의 의미와 역할을 살펴보고, 헌법에 규정된 인권이 일상생활에서 구현되는 사례를 말할 수 있다.",,40
[6사03-02],초등 5~6학년군,사회,법과 인권의 보장,"일상생활에서 인권이 침해되는 사례를 찾아 그 해결 방안을 탐색하고, 인권을 보호하는 활동에 참여한다.","일상생활에서 인권이 침해되는 사례를 분석하여 그 해결 방안을 제안하고, 인권을 보호하는 활동에 관심을 갖고 참여할 수 있다.","일상생활에서 인권이 침해되는 사례를 조사하여 그 해결 방안을 설명하고, 인권을 보호하는 활동에 참여할 수 있다.","인권이 침해된 사례에 대한 적절한 해결 방안을 제시하고, 인권을 보호하는 활동에 관심을 가진다.",,40
[6사04-01],초등 5~6학년군,사회,유적과 유물로 살펴본 옛 사람들의 생활,선사 시대와 고조선의 유적과 유물을 활용하여 당시 사람들의 생활을 추론한다.,"선사 시대와 고조선의 유적과 유물을 선정하여 특징을 분석하고, 이를 통해 당시 사람들의 생활 모습을 추론할 수 있다.",선사 시대와 고조선의 유적과 유물을 조사하여 당시 사람들의 생활 모습을 설명할 수 있다.,선사 시대와 고조선의 유적과 유물에 나타난 당시 사람들의 생활 모습을 짐작하여 말할 수 있다.,,40
[6사04-02],초등 5~6학년군,사회,유적과 유물로 살펴본 옛 사람들의 생활,역사 기록이나 유적과 유물에 나타난 고대 사람들의 생각과 생활을 추론한다.,"고대의 역사 기록이나 유적과 유물을 선정하여 특징을 분석하고, 이를 통해 고대 사람들의 생각과 생활 모습을 추론할 수 있다.",고대의 역사 기록이나 유적과 유물을 조사하여 고대 사람들의 생각과 생활 모습을 설명할 수 있다.,고대의 역사 기록이나 유적과 유물에 나타난 고대 사람들의 생각과 생활 모습을 짐작하여 말할 수 있다.,,40
[6사04-03],초등 5~6학년군,사회,유적과 유물로 살펴본 옛 사람들의 생활,다양한 역사 자료를 활용하여 고려 시대 사회 모습과 사람들의 생활을 추론한다.,"고려 시대의 다양한 역사 자료를 선정하여 특징을 분석하고, 이를 통해 고려 시대의 사회 모습과 사람들의 생활 모습을 추론할 수 있다.",고려 시대의 다양한 역사 자료를 조사하여 고려 시대의 사회 모습과 사람들의 생활 모습을 설명할 수 있다.,고려 시대의 역사 자료에 나타난 고려 시대의 사회 모습과 사람들의 생활 모습을 짐작하여 말할 수 있다.,,40
[6사05-01],초등 5~6학년군,사회,"달라지는 시대, 변화하는 생활 모습",조선 시대 사람들의 생각과 생활에 유교 문화가 미친 영향을 파악한다.,유교 문화가 조선 시대 사람들의 생각과 생활 모습에 미친 영향을 다양한 사례에 관한 분석을 통해 도출할 수 있다.,유교 문화가 조선 시대 사람들의 생각과 생활 모습에 미친 영향을 사례를 들어 설명할 수 있다.,유교 문화가 조선 시대 사람들의 생각과 생활 모습에 영향을 주었음을 인식할 수 있다.,,41
[6사05-02],초등 5~6학년군,사회,"달라지는 시대, 변화하는 생활 모습",조선 후기 사회·문화적 변화와 개항기 근대 문물 수용 과정에서 달라진 사람들의 생활을 이해한다.,조선 후기 사회·문화적 변화와 개항기 근대 문물 수용 과정을 보여주는 사례를 선정하고 분석하여 사람들의 달라진 생활 모습을 도출할 수 있다.,조선 후기 사회·문화적 변화와 개항기 근대 문물 수용 과정을 조사하여 사람들의 달라진 생활 모습을 설명할 수 있다.,조선 후기 사회·문화적 변화와 개항기 근대 문물 수용 과정을 살펴보며 사람들의 생활 모습이 달라졌음을 인식할 수 있다.,,41
[6사06-01],초등 5~6학년군,사회,"식민 통치와 저항, 전쟁이 바꾼 사회와 생활",일제의 식민 통치와 이에 대한 저항이 사회와 생활에 미친 영향을 이해한다.,일제의 식민 통치와 이에 대한 저항이 사회와 사람들의 생활 모습에 미친 영향을 다양한 사례를 통해 분석할 수 있다.,일제의 식민 통치와 이에 대한 저항이 사회와 사람들의 생활 모습에 미친 영향을 사례를 들어 설명할 수 있다.,일제의 식민 통치와 이에 대한 저항으로 인해 사회와 사람들의 생활 모습이 달라졌음을 인식할 수 있다.,,41
[6사06-02],초등 5~6학년군,사회,"식민 통치와 저항, 전쟁이 바꾼 사회와 생활",8·15 광복과 6·25 전쟁이 사회와 생활에 미친 영향을 파악한다.,8·15 광복과 6·25 전쟁이 사회와 사람들의 생활 모습에 미친 영향을 다양한 사례를 통해 분석할 수 있다.,8·15 광복과 6·25 전쟁이 사회와 사람들의 생활 모습에 미친 영향을 사례를 들어 설명할 수 있다.,8·15 광복과 6·25 전쟁으로 인해 사회와 사람들의 생활 모습이 달라졌음을 인식할 수 있다.,,41
[6사07-01],초등 5~6학년군,사회,"평화 통일을 위한 노력, 민주화와 산업화","분단으로 나타난 문제점과 분단과 관련된 장소를 평화의 장소로 만들려는 노력 등을 알아보고, 평화 통일을 위해 우리가 할 수 있는 일을 탐색한다.","분단으로 인해 나타난 문제점 및 분단과 관련된 장소를 평화의 장소로 만들려는 노력 등을 탐구하며, 평화 통일을 위해 할 수 있는 활동을 제안하고 참여할 수 있다.","분단으로 인해 나타난 문제점 및 분단과 관련된 장소를 평화의 장소로 만들려는 노력 등을 조사하며, 평화 통일을 위해 우리가 할 수 있는 활동을 제안할 수 있다.","분단으로 인해 나타난 문제점 및 분단과 관련된 장소를 평화의 장소로 만들려는 노력 등을 살펴보며, 평화 통일의 필요성을 인식할 수 있다.",,42
[6사07-02],초등 5~6학년군,사회,"평화 통일을 위한 노력, 민주화와 산업화",민주화와 산업화로 인해 달라진 생활 문화를 사례를 들어 이해한다.,민주화와 산업화로 인해 달라진 사람들의 생활 문화를 다양한 사례를 통해 분석할 수 있다.,민주화와 산업화로 인해 달라진 사람들의 생활 문화를 사례를 들어 설명할 수 있다.,민주화와 산업화로 인해 사람들의 생활 문화가 변화되었음을 인식할 수 있다.,,42
[6사08-01],초등 5~6학년군,사회,민주주의와 시민 참여,"민주주의에서 선거의 의미와 역할을 파악하고, 시민의 주권 행사를 위해 선거에 참여하는 태도를 기른다.","사례를 통해 민주주의에서 선거의 의미와 역할을 분석하고, 시민의 주권 행사를 위해 선거에 관심을 갖고 선거 과정에 참여할 수 있다.","민주주의에서 선거의 의미와 역할을 설명하고, 시민의 주권 행사를 위해 선거 과정에 참여하기 위해 노력할 수 있다.","선거의 의미와 역할을 제시하고, 선거 과정에 관심을 가진다.",,42
[6사08-02],초등 5~6학년군,사회,민주주의와 시민 참여,"민주 국가에서 국회, 행정부, 법원이 하는 일에 대해 이해하고, 각 국가기관의 권력을 분립하는 이유를 탐색한다.","민주 국가에서 국회, 행정부, 법원이 하는 일에 대해 분석하고, 각 국가기관의 권력을 분립하는 이유를 도출할 수 있다.","우리나라에서 국회, 행정부, 법원이 하는 일에 대해 조사하고, 각 국가기관의 권력을 분립하는 이유를 설명할 수 있다.","우리나라에서 국회, 행정부, 법원이 하는 일을 제시하고, 각 국가기관의 권력을 분립해야 함을 파악할 수 있다.",,42
[6사08-03],초등 5~6학년군,사회,민주주의와 시민 참여,"민주주의에서 미디어의 의미와 역할을 이해하고, 여러 가지 미디어의 내용을 비판적으로 분석하여 올바르게 이용하는 태도를 기른다.","민주주의에서 미디어의 의미와 역할을 설명하고, 여러 가지 사례 속 미디어의 내용을 비판적으로 분석하여 미디어 이용에 대해 올바른 태도를 가지고 실천할 수 있다.","민주주의에서 미디어의 의미와 역할을 설명하고, 여러 가지 사례 속 미디어의 내용을 비판적으로 파악하여 미디어를 올바르게 이용하고자 노력한다.","민주주의에서 미디어의 의미와 역할을 제시하고, 미디어를 올바르게 이용하는 태도를 가진다.",,42
[6사09-01],초등 5~6학년군,사회,"지구, 대륙 그리고 국가들","세계를 표현하는 다양한 공간 자료의 특징을 이해하고, 지구본과 세계지도에서 위치를 표현하는 방법을 익힌다.","세계를 표현하는 다양한 공간자료의 특징을 분석하고, 지구본과 세계지도에서 경도와 위도를 이용하여 위치를 표현할 수 있다.","세계를 표현하는 다양한 공간자료의 특징을 제시하고, 지구본과 세계지도에서 경도와 위도의 의미를 설명할 수 있다.","세계를 표현하는 다양한 공간자료를 찾아보고, 지구본과 세계지도에서 경도와 위도를 구분할 수 있다.",,43
[6사09-02],초등 5~6학년군,사회,"지구, 대륙 그리고 국가들","세계 주요 대륙과 대양을 파악하고, 우리나라 및 세계 여러 국가의 위치와 영토의 특징을 이해한다.","세계 주요 대륙과 대양의 위치를 설명하고, 우리나라 및 세계 여러 국가의 위치와 영토의 특징을 분석할 수 있다.","세계 주요 대륙과 대양의 위치를 찾고, 우리나라 및 세계 여러 국가의 위치와 영토의 특징을 설명할 수 있다.","세계 주요 대륙과 대양의 위치를 알아보고, 여러 국가의 위치와 영토의 특징을 말할 수 있다.",,43
[6사10-01],초등 5~6학년군,사회,세계의 자연환경,"세계 여러 지역의 지형 경관을 살펴보고, 이를 통해 다양한 삶의 모습을 이해한다.","세계 여러 지역의 지형 경관의 특징을 분석하고, 세계 여러 지역에서 나타나는 다양한 삶의 모습을 탐구할 수 있다.","세계 여러 지역의 지형 경관을 조사하고, 다양한 삶의 모습을 설명할 수 있다.","세계 여러 지역의 지형 경관의 특징을 제시하고, 삶의 모습이 다양함을 말할 수 있다.",,43
[6사10-02],초등 5~6학년군,사회,세계의 자연환경,세계의 다양한 기후를 알아보고 기후 환경과 인간생활 간의 관계를 탐구한다.,"세계의 다양한 기후의 특징을 분석하고, 기후 환경과 인간생활 간의 관계를 탐구할 수 있다.","세계의 다양한 기후를 조사하고, 기후 환경과 인간생활 간의 관계를 설명할 수 있다.",세계의 다양한 기후를 제시하고 기후 환경이 인간생활과 관련이 있음을 말할 수 있다.,,43
[6사11-01],초등 5~6학년군,사회,시장경제와 국가 간 거래,"시장경제에서 가계와 기업의 역할을 이해하고, 근로자의 권리와 기업의 자유 및 책임을 탐색한다.","시장경제에서 가계와 기업의 역할을 설명하고, 사례를 중심으로 근로자의 권리와 기업의 자유 및 책임을 분석할 수 있다.","시장경제에서 가계와 기업의 역할을 제시하고, 근로자의 권리와 기업의 자유 및 책임을 탐색할 수 있다.",시장경제에서 가계와 기업의 역할을 제시할 수 있다.,,44
[6사11-02],초등 5~6학년군,사회,시장경제와 국가 간 거래,"경제성장이 우리 생활에 미치는 영향을 파악하고, 빠른 경제성장으로 발생한 문제의 해결 방안을 탐색한다.","자료를 통해 경제성장이 우리 생활에 미치는 영향을 분석하고, 빠른 경제성장으로 인해 발생한 문제와 해결 방안을 도출할 수 있다.","경제성장이 우리 생활에 미치는 영향을 설명하고, 빠른 경제성장으로 인해 발생한 문제의 해결 방안을 탐색할 수 있다.",경제성장이 우리 생활에 미치는 영향과 빠른 경제성장으로 인해 발생한 문제를 제시할 수 있다.,,44
[6사11-03],초등 5~6학년군,사회,시장경제와 국가 간 거래,"사례를 통해 무역의 의미를 이해하고, 국가 간 무역이 발생하는 이유를 탐구한다.","사례를 통해 무역의 의미와 중요성을 도출하고, 국가 간 무역이 발생하는 이유를 탐구할 수 있다.","사례를 통해 무역의 의미를 분석하고, 국가 간 무역이 발생하는 이유를 설명할 수 있다.",무역의 의미와 국가 간 무역이 발생하는 이유를 말할 수 있다.,,44
[6사12-01],초등 5~6학년군,사회,지구촌 사람들,세계 인구 분포를 파악하고 여러 국가의 인구 특징을 탐구한다.,"자료를 통해 세계 인구 분포를 분석하고, 여러 국가의 인구 특징을 도출할 수 있다.","세계 인구 분포를 조사하고, 여러 국가의 인구 특징을 설명할 수 있다.",세계 인구 분포 특징을 제시할 수 있다.,,44
[6사12-02],초등 5~6학년군,사회,지구촌 사람들,"지구촌을 위협하는 다양한 문제들을 파악하고, 지속가능한 미래를 위한 해결 방안을 탐색한다.","지구촌의 평화와 발전을 위협하는 문제를 조사하고, 지속가능한 미래를 위한 해결 방안을 탐구하며 인류 공동의 문제에 관심을 가진다.","지구촌의 평화와 발전을 위협하는 문제를 조사하고, 지속가능한 미래를 위한 해결 방안을 제시할 수 있다.","지구촌의 평화와 발전을 위협하는 문제를 제시하고, 지속가능한 미래를 위한 해결 방안을 살펴볼 수 있다.",,44
[6도01-01],초등 5~6학년군,도덕,자신과의 관계,자주적인 삶에 대한 이해를 바탕으로 자신의 생활계획을 세우고 실천하여 주체적인 삶의 태도를 기른다.,자주적인 삶에 대한 전반적인 이해를 바탕으로 생활 전반에서 자신의 생활계획을 세우고 실천하여 주체적인 삶의 태도를 가진다.,자주적인 삶에 대한 이해를 바탕으로 자신의 생활계획을 세우고 실천하여 주체적인 삶의 태도를 기른다.,자주적인 삶에 대한 부분적인 이해를 바탕으로 자신의 생활계획을 세우고 실천하려고 노력한다.,,57
[6도01-02],초등 5~6학년군,도덕,자신과의 관계,생활 습관에 대한 성찰을 통해 자기 생활을 점검하고 올바른 계획을 세워 이를 실천한다,전반적인 생활 습관에 대한 성찰을 통해 자기 생활을 다각도로 점검하고 올바른 계획을 세워 지속적으로 실천한다.,생활 습관에 대한 성찰을 통해 자기 생활을 점검하고 올바른 계획을 세워 실천한다.,생활 습관을 살펴봄으로써 자기 생활을 점검하고 올바른 계획을 세우는 것에 관심을 가진다.,,57
[6도01-03],초등 5~6학년군,도덕,자신과의 관계,자기가 하고 싶은 일을 선택할 때 도덕적 고려의 필요성을 알고 자신의 특기와 적성을 탐색하여 진로계획을 수립한다.,자기가 하고 싶은 일을 선택할 때 도덕적 고려의 필요성을 포괄적으로 이해하고 자신의 특기와 적성을 다각도로 탐색하여 구체적으로 진로계획을 수립한다.,자기가 하고 싶은 일을 선택할 때 도덕적 고려의 필요성을 이해하고 자신의 특기와 적성을 탐색하여 진로계획을 수립한다.,자기가 하고 싶은 일을 선택할 때 도덕적 고려의 필요성을 단편적으로 이해하고 자신의 특기와 적성을 탐색하여 진로계획 수립에 관심을 가진다.,,57
[6도02-01],초등 5~6학년군,도덕,타인과의 관계,"봉사의 의미와 중요성을 이해하고, 타인이 처한 상황과 환경에 대한 주의 깊은 관심을 바탕으로 봉사를 실천한다.",봉사의 의미와 중요성을 포괄적으로 이해하고 타인이 처한 상황과 환경에 대한 주의 깊은 관심을 바탕으로 생활 전반에서 봉사를 실천한다.,봉사의 의미와 중요성을 이해하고 타인이 처한 상황과 환경에 대한 관심을 바탕으로 봉사를 실천한다.,봉사의 의미와 중요성을 단편적으로 이해하고 타인이 처한 상황과 환경에 대한 관심을 바탕으로 봉사를 실천하려고 노력한다.,,57
[6도02-02],초등 5~6학년군,도덕,타인과의 관계,"편견이 발생하는 이유를 탐색하여 해결 방안을 살펴보고, 다양성 존중을 바탕으로 다른 사람과 올바른 관계를 맺기 위한 실천 방안을 탐구한다.",편견이 발생하는 이유를 다각도로 탐색하여 해결 방안을 살펴보고 다양성 존중을 바탕으로 다른 사람과 올바른 관계를 맺기 위한 실천 방안을 다양하게 탐구한다.,편견이 발생하는 이유를 탐색하여 해결 방안을 살펴보고 다양성 존중을 바탕으로 다른 사람과 올바른 관계를 맺기 위한 실천 방안을 탐구한다.,편견이 발생하는 이유를 탐색하여 해결 방안을 살펴보려고 노력하고 다양성 존중을 바탕으로 다른 사람과 올바른 관계 맺기를 위한 실천 방안에 관심을 갖는다.,,58
[6도02-03],초등 5~6학년군,도덕,타인과의 관계,인간과 인공지능 로봇 간의 다양한 관계를 파악하고 도덕에 기반을 둔 관계 형성의 필요성을 탐구한다.,인간과 인공지능 로봇 간의 관계를 다각도로 파악하고 도덕에 기반을 둔 관계 형성의 필요성을 포괄적으로 탐구한다.,인간과 인공지능 로봇 간의 관계를 파악하고 도덕에 기반을 둔 관계 형성의 필요성을 이해한다.,인간과 인공지능 로봇 간의 관계를 파악하려고 노력하고 도덕에 기반을 둔 관계 형성의 필요성에 관심을 가진다.,,58
[6도03-01],초등 5~6학년군,도덕,사회·공동체과의 관계,인권과 관련된 다양한 사례를 살펴보고 인권에 관한 감수성을 길러 이를 실천하려는 의지를 함양한다.,인권과 관련된 다양한 사례를 살펴보고 생활 전반에서 인권에 관한 감수성을 길러 이를 실천하려는 의지를 가진다.,인권과 관련된 사례를 살펴보고 인권에 관한 감수성을 길러 이를 실천하려는 의지를 가진다.,인권과 관련된 사례에 관심을 갖고 인권에 관한 감수성을 기르려고 노력한다.,,58
[6도03-02],초등 5~6학년군,도덕,사회·공동체과의 관계,정의에 관한 관심을 토대로 공동체 규칙의 중요성을 살펴보고 직접 공정한 규칙을 고안하며 기초적인 시민의식을 기른다.,정의에 관한 관심을 토대로 공동체 규칙의 중요성을 포괄적으로 이해하고 공정한 규칙을 다각도로 고안하며 기초적인 시민의식을 가진다.,정의에 관한 관심을 토대로 공동체 규칙의 중요성을 이해하고 공정한 규칙을 고안하며 기초적인 시민의식을 기른다.,정의에 관한 관심을 토대로 공동체 규칙의 중요성을 단편적으로 이해하고 공정한 규칙을 고안하려고 노력하며 기초적인 시민의식에 관심을 가진다.,,58
[6도03-03],초등 5~6학년군,도덕,사회·공동체과의 관계,통일과정과 통일 이후 사회의 여러 가지 상황을 예상하고 바람직한 통일과정과 통일국가의 사회상을 제시한다.,통일과정과 통일 이후 사회의 여러 가지 상황을 전반적으로 예상하고 바람직한 통일과정과 통일 국가의 사회상을 다각도로 제시한다.,통일과정과 통일 이후 사회의 여러 가지 상황을 예상하고 바람직한 통일과정과 통일 국가의 사회상을 제시한다.,통일과정과 통일 이후 사회의 여러 가지 상황을 부분적으로 예상하고 바람직한 통일과정과 통일 국가의 사회상에 관심을 가진다.,,58
[6도03-04],초등 5~6학년군,도덕,사회·공동체과의 관계,다른 나라 사람들이 처한 여러 가지 상황을 종합적으로 이해하고 해결 방안을 탐구하며 인류애를 기른다.,다른 나라 사람들이 처한 여러 가지 상황을 종합적으로 이해하고 해결 방안을 다각도로 탐구하며 인류애를 가진다.,다른 나라 사람들이 처한 여러 가지 상황을 이해하고 해결 방안을 탐구하며 인류애를 기른다.,다른 나라 사람들이 처한 상황을 부분적으로 이해하고 해결 방안을 탐구하려고 노력하며 인류애에 관심을 가진다.,,59
[6도04-01],초등 5~6학년군,도덕,자연과의 관계,"지구의 환경 위기 상황을 이해하고, 이를 극복하기 위한 다양한 방법을 찾아 자신의 일상에서 실천하고자 노력한다.",지구의 환경 위기 상황을 전반적으로 이해하고 이를 극복하기 위한 다양한 방법을 찾아 자신의 일상에서 실천하고자 노력한다.,지구의 환경 위기 상황을 이해하고 이를 극복하기 위한 방법을 찾아 자신의 일상에서 실천하고자 노력한다.,지구의 환경 위기 상황을 부분적으로 이해하고 이를 극복하기 위한 방법을 찾으려고 노력하며 자신의 일상에서 실천에 관심을 가진다.,,59
[6도04-02],초등 5~6학년군,도덕,자연과의 관계,지속가능한 삶의 의미를 탐구하고 미래 세대에 대한 책임을 강화하여 자연의 다양성을 존중하고 생산성을 유지할 수 있는 미래를 위한 실천 방안을 찾는다.,지속가능한 삶의 의미를 포괄적으로 이해하고 미래 세대에 대한 높은 책임감을 바탕으로 자연의 다양성을 존중하고 생산성을 유지할 수 있는 미래를 위한 실천 방안을 다각도로 찾는다.,지속가능한 삶의 의미를 이해하고 미래 세대에 대한 책임감을 바탕으로 자연의 다양성을 존중하고 생산성을 유지할 수 있는 미래를 위한 실천 방안을 찾는다.,지속가능한 삶의 의미를 단편적으로 이해하고 미래 세대에 대한 책임감을 바탕으로 자연의 다양성을 존중하고 생산성을 유지할 수 있는 미래를 위한 실천 방안에 관심을 가진다.,,59
[6수01-01],초등 5~6학년군,수학,수와 연산,"덧셈, 뺄셈, 곱셈, 나눗셈의 혼합 계산에서 계산하는 순서를 알고, 혼합 계산을 할 수 있다.","덧셈, 뺄셈, 곱셈, 나눗셈의 혼합 계산을 하고, 계산하는 순서를 설명할 수 있다.","덧셈, 뺄셈, 곱셈, 나눗셈의 혼합 계산에서 계산하는 순서를 알고, 그 계산을 할 수 있다.","안내된 절차에 따라 덧셈, 뺄셈, 곱셈, 나눗셈 중 일부가 섞여 있는 간단한 혼합 계산에서 계산하는 순서를 알고, 그 계산을 할 수 있다.",,69
[6수01-02],초등 5~6학년군,수학,수와 연산,"실생활과 연결하여 이상, 이하, 초과, 미만의 의미와 쓰임을 알고, 이를 활용하여 수의 범위를 나타낼 수 있다.","이상, 이하, 초과, 미만의 의미와 쓰임을 알고, 수의 범위를 활용하여 실생활 문제를 해결할 수 있다.","실생활 상황에서 이상, 이하, 초과, 미만을 사용하여 수의 범위를 나타낼 수 있다.","안내된 절차에 따라 이상, 이하, 초과, 미만을 사용하여 간단한 수의 범위를 나타낼 수 있다.",,69
[6수01-03],초등 5~6학년군,수학,수와 연산,"어림값을 구하기 위한 방법으로 올림, 버림, 반올림의 의미와 필요성을 알고, 이를 실생활에 활용함으로써 수학의 유용성을 인식할 수 있다.","올림, 버림, 반올림의 의미와 필요성을 알고, 이를 활용하여 실생활 문제를 해결하며, 이 과정에서 수학의 유용성을 설명할 수 있다.","올림, 버림, 반올림을 사용하여 실생활의 여러 가지 수를 어림값으로 나타내고, 이 과정에서 수학의 유용성을 인식한다.","안내된 절차에 따라 올림, 버림, 반올림을 사용하여 수를 어림값으로 나타낼 수 있다.",,69
[6수01-04],초등 5~6학년군,수학,수와 연산,"약수, 공약수, 최대공약수를 이해하고 구할 수 있다.","약수, 공약수, 최대공약수를 구하고, 그 방법과 그들 사이의 관계를 설명할 수 있다.","약수, 공약수, 최대공약수를 이해하고, 주어진 수의 약수, 공약수, 최대공약수를 구할 수 있다.","안내된 절차에 따라 주어진 수의 약수, 공약수, 최대공약수를 구할 수 있다.",,70
[6수01-05],초등 5~6학년군,수학,수와 연산,"배수, 공배수, 최소공배수를 이해하고 구할 수 있다.","배수, 공배수, 최소공배수를 구하고, 그 방법과 그들 사이의 관계를 설명할 수 있다.","배수, 공배수, 최소공배수를 이해하고, 주어진 수의 배수, 공배수, 최소공배수를 구할 수 있다.","안내된 절차에 따라 주어진 수의 배수, 공배수, 최소공배수를 구할 수 있다.",,70
[6수01-06],초등 5~6학년군,수학,수와 연산,"크기가 같은 분수를 만드는 방법을 이해하고, 분수를 약분, 통분할 수 있다.","크기가 같은 분수에 대한 이해를 바탕으로 분수를 약분, 통분하고, 그 방법을 설명할 수 있다.","크기가 같은 분수에 대한 이해를 바탕으로 주어진 분수와 크기가 같은 분수를 만들고, 분수를 약분, 통분할 수 있다.","안내된 절차에 따라 주어진 분수와 크기가 같은 분수를 찾고, 간단한 분수를 약분, 통분할 수 있다.",,70
[6수01-07],초등 5~6학년군,수학,수와 연산,분모가 다른 분수의 크기를 비교하고 그 방법을 설명할 수 있다.,"분모가 다른 분수의 크기를 여러 가지 방법으로 비교하고, 그 방법을 설명할 수 있다.",분모가 다른 분수를 통분하여 크기를 비교할 수 있다.,안내된 절차에 따라 분모가 다른 분수의 크기를 비교할 수 있다.,,70
[6수01-08],초등 5~6학년군,수학,수와 연산,분모가 다른 분수의 덧셈과 뺄셈의 계산 원리를 탐구하고 그 계산을 할 수 있다.,"분모가 다른 분수의 덧셈과 뺄셈을 계산하고, 그 계산 원리를 설명할 수 있다.","분모가 다른 분수의 덧셈과 뺄셈의 계산 원리를 탐구하고, 그 계산을 할 수 있다.",안내된 절차에 따라 분모가 다른 간단한 분수의 덧셈과 뺄셈을 할 수 있다.,,70
[6수01-09],초등 5~6학년군,수학,수와 연산,분수의 곱셈의 계산 원리를 탐구하고 그 계산을 할 수 있다.,"‘(분수)×(자연수)’, ‘(자연수)×(분수)’, ‘(분수)×(분수)’를 계산하고, 그 계산 원리를 설명할 수 있다.","‘(분수)×(자연수)’, ‘(자연수)×(분수)’, ‘(분수)×(분수)’의 계산 원리를 탐구하고, 그 계산을 할 수 있다.","안내된 절차에 따라 간단한 ‘(분수)×(자연수)’, ‘(자연수)×(분수)’, ‘(분수)×(분수)’의 계산을 할 수 있다.",,71
[6수01-10],초등 5~6학년군,수학,수와 연산,÷ ‘(자연수)(자연수)’에서 나눗셈의 몫을 분수로 나타낼 수 있다.,"‘(자연수)÷(자연수)’의 몫을 분수로 나타내고, 그 방법을 설명할 수 있다.",‘(자연수)÷(자연수)’의 몫을 분수로 나타낼 수 있다.,안내된 절차에 따라 ‘(자연수)÷(자연수)’의 몫을 분수로 나타낼 수 있다.,,71
[6수01-11],초등 5~6학년군,수학,수와 연산,분수의 나눗셈의 계산 원리를 탐구하고 그 계산을 할 수 있다.,"‘(분수)÷(자연수)’, ‘(자연수)÷(분수)’, ‘(분수)÷(분수)’를 계산하고, 그 계산 원리를 설명할 수 있다.","‘(분수)÷(자연수)’, ‘(자연수)÷(분수)’, ‘(분수)÷(분수)’의 계산 원리를 탐구하고, 그 계산을 할 수 있다.","안내된 절차에 따라 간단한 ‘(분수)÷(자연수)’, ‘(자연수)÷(분수)’, ‘(분수)÷(분수)’의 계산을 할 수 있다.",,71
[6수01-12],초등 5~6학년군,수학,수와 연산,분수와 소수의 관계를 이해하고 크기를 비교하며 그 방법을 설명할 수 있다.,"분수와 소수의 관계에 대한 이해를 바탕으로 여러 가지 방법으로 분수와 소수의 크기를 비교하고, 그 방법을 설명할 수 있다.","분수를 소수로, 소수를 분수로 나타내고, 분수와 소수의 크기를 비교할 수 있다.","안내된 절차에 따라 분수를 소수로, 소수를 분수로 나타내고, 간단한 분수와 소수의 크기를 비교할 수 있다.",,71
[6수01-13],초등 5~6학년군,수학,수와 연산,소수의 곱셈의 계산 원리를 탐구하고 그 계산을 할 수 있다.,"‘(소수)×(자연수)’, ‘(자연수)×(소수)’, ‘(소수)×(소수)’를 계산하고, 계산 결과가 타당한지를 어림을 이용하여 설명할 수 있다.","‘(소수)×(자연수)’, ‘(자연수)×(소수)’, ‘(소수)×(소수)’의 계산 원리를 탐구하고, 그 계산을 할 수 있다.","안내된 절차에 따라 간단한 ‘(소수)×(자연수)’, ‘(자연수)×(소수)’, ‘(소수)×(소수)’의 계산을 할 수 있다.",,72
[6수01-14],초등 5~6학년군,수학,수와 연산,‘(자연수)÷(자연수)’에서 나눗셈의 몫을 소수로 나타낼 수 있다.,"‘(자연수)÷(자연수)’에서 나눗셈의 몫을 소수로 나타내고, 그 방법을 설명할 수 있다.",‘(자연수)÷(자연수)’에서 나눗셈의 몫을 소수로 나타낼 수 있다.,안내된 절차에 따라 간단한 ‘(자연수)÷(자연수)’에서 나눗셈의 몫을 소수로 나타낼 수 있다.,,72
[6수01-15],초등 5~6학년군,수학,수와 연산,소수의 나눗셈의 계산 원리를 탐구하고 그 계산을 할 수 있다.,"‘(소수)÷(자연수), ‘(자연수)÷(소수)’, ‘(소수)÷(소수)’를 계산하고, 계산 결과가 타당한지를 어림을 이용하여 설명할 수 있다.","‘(소수)÷(자연수)’, ‘(자연수)÷(소수)’, ‘(소수)÷(소수)’의 계산 원리를 탐구하고, 그 계산을 할 수 있다.","안내된 절차에 따라 간단한 ‘(소수)÷(자연수)’, ‘(자연수)÷(소수)’, ‘(소수)÷(소수)’를 계산할 수 있다.",,72
[6수02-01],초등 5~6학년군,수학,변화와 관계,"한 양이 변할 때 다른 양이 그에 종속하여 변하는 대응 관계를 나타낸 표에서 규칙을 찾아 설명하고, □, △ 등을 사용하여 식으로 나타낼 수 있다.","대응 관계를 나타낸 표에서 규칙을 찾아 □, △ 등을 사용하여 식으로 나타내고, 그 방법과 수학적 표현의 편리함을 설명할 수 있다.","대응 관계를 나타낸 표에서 규칙을 찾아 □, △ 등을 사용한 식으로 나타내고, 그 과정에서 수학적 표현의 편리함을 안다.","안내된 절차에 따라 대응 관계를 나타낸 표에서 규칙을 찾고, □, △ 등을 사용한 식을 완성할 수 있다.",,72
[6수02-02],초등 5~6학년군,수학,변화와 관계,"두 양의 크기를 비교하는 상황을 통해 비의 개념을 이해하고, 두 양의 관계를 비로 나타낼 수 있다.","비가 적용되는 간단한 상황에서 두 양의 크기를 비교하여 비로 나타내고, 그 과정에서 수학의 유용성을 인식한다.","비의 개념을 이해하고, 두 양의 크기를 비교하여 비로 나타낼 수 있다.",안내된 절차에 따라 두 양의 크기를 비교하여 비로 나타낼 수 있다.,,73
[6수02-03],초등 5~6학년군,수학,변화와 관계,"비율을 이해하고, 비율을 분수, 소수, 백분율로 나타낼 수 있다.","비가 적용되는 간단한 상황에서 비율을 분수, 소수, 백분율로 나타내고, 그 과정에서 수학의 유용성을 인식한다.","비율의 의미를 이해하고, 비율을 분수, 소수, 백분율로 나타낼 수 있다.","안내된 절차에 따라 간단한 비율을 분수, 소수, 백분율로 나타낼 수 있다.",,73
[6수02-04],초등 5~6학년군,수학,변화와 관계,"비례식을 알고, 그 성질을 이해하며, 이를 활용하여 간단한 비례식을 풀 수 있다.","비례식의 성질에 대한 이해를 바탕으로 비례식을 풀고, 그 방법을 설명할 수 있다.",비례식의 성질에 대한 이해를 바탕으로 간단한 비례식을 풀 수 있다.,"비례식을 알고, 안내된 절차에 따라 간단한 비례식을 풀 수 있다.",,73
[6수02-05],초등 5~6학년군,수학,변화와 관계,"비례배분을 알고, 주어진 양을 비례배분 할 수 있다.","비례배분에 대한 이해를 바탕으로 실생활 상황에서 주어진 양을 비례배분하고, 그 방법을 설명할 수 있다.","비례배분을 알고, 주어진 양을 비례배분 할 수 있다.","비례배분을 알고, 안내된 절차에 따라 간단한 비례배분을 할 수 있다.",,73
[6수03-01],초등 5~6학년군,수학,도형과 측정,"도형의 합동을 이해하고, 합동인 도형의 성질을 탐구하고 설명할 수 있다.","도형의 합동의 의미와 합동인 도형의 성질을 설명하고, 실생활에서 찾은 합동인 도형의 예에서 수학의 아름다움을 느낀다.","도형의 합동을 이해하고, 합동인 도형의 성질을 탐구하며, 그 과정에서 수학의 아름다움을 느낀다.","합동인 도형을 찾고, 직접 포개어 보는 활동을 통하여 합동인 도형에서 대응점, 대응변, 대응각을 찾을 수 있다.",,74
[6수03-02],초등 5~6학년군,수학,도형과 측정,실생활과 연결하여 선대칭도형과 점대칭도형을 이해하고 그릴 수 있다.,"선대칭도형과 점대칭도형을 그리고 그 방법을 설명하며, 실생활에서 찾은 선대칭도형과 점대칭도형의 예에서 수학의 아름다움을 느낀다.","선대칭도형과 점대칭도형을 이해하고 그리며, 그 과정에서 수학의 아름다움을 느낀다.",구체적 조작 활동을 통하여 선대칭도형과 점대칭도형을 찾거나 그릴 수 있다.,,74
[6수03-03],초등 5~6학년군,수학,도형과 측정,"직육면체와 정육면체를 이해하고, 구성 요소와 성질을 탐구하고 설명할 수 있다.","실생활에서 직육면체와 정육면체를 찾고, 구성 요소와 여러 가지 성질을 탐구하고 설명할 수 있다.","직육면체와 정육면체에서 면, 모서리, 꼭짓점을 찾고, 성질을 설명할 수 있다.","구체적 조작 활동을 통하여 직육면체와 정육면체에서 면, 모서리, 꼭짓점을 찾을 수 있다.",,74
[6수03-04],초등 5~6학년군,수학,도형과 측정,직육면체와 정육면체의 겨냥도와 전개도를 그릴 수 있다.,"직육면체와 정육면체의 겨냥도와 전개도를 그리고, 구성 요소와 성질을 이용하여 그 방법을 설명할 수 있다.","직육면체와 정육면체의 겨냥도와 전개도를 그리고, 구체적 조작 활동을 통하여 전개도가 될 수 있는 것과 될 수 없는 것을 구별할 수 있다.",일부가 주어진 직육면체와 정육면체의 겨냥도와 전개도를 완성할 수 있다.,,74
[6수03-05],초등 5~6학년군,수학,도형과 측정,"각기둥과 각뿔을 이해하고, 구성 요소와 성질을 탐구하고 설명할 수 있다.","실생활에서 각기둥과 각뿔을 찾고, 구성 요소와 여러 가지 성질을 탐구하고 설명할 수 있다.","각기둥과 각뿔에서 면, 모서리, 꼭짓점을 찾고, 성질을 설명할 수 있다.","구체적 조작 활동을 통하여 각기둥과 각뿔에서 면, 모서리, 꼭짓점을 찾을 수 있다.",,75
[6수03-06],초등 5~6학년군,수학,도형과 측정,각기둥의 전개도를 그릴 수 있다.,"각기둥의 전개도를 그리고, 구성 요소와 성질을 이용하여 그 방법을 설명할 수 있다.","각기둥의 전개도를 그리고, 전개도가 될 수 있는 것과 될 수 없는 것을 구별할 수 있다.",일부가 주어진 각기둥의 전개도를 완성할 수 있다.,,75
[6수03-07],초등 5~6학년군,수학,도형과 측정,"원기둥, 원뿔, 구를 이해하고, 구성 요소와 성질을 탐구하고 설명할 수 있다.","실생활에서 원기둥, 원뿔, 구를 찾고, 구성 요소와 여러 가지 성질을 탐구하고 설명할 수 있다.","원기둥, 원뿔, 구에서 구성 요소를 찾고, 성질을 설명할 수 있다.","구체적 조작 활동을 통하여 원기둥, 원뿔, 구에서 구성 요소를 찾을 수 있다.",,75
[6수03-08],초등 5~6학년군,수학,도형과 측정,원기둥의 전개도를 그릴 수 있다.,"원기둥의 전개도를 그리고, 그 방법을 설명할 수 있다.","원기둥의 전개도를 그리고, 전개도가 될 수 있는 것과 될 수 없는 것을 구별할 수 있다.",일부가 주어진 원기둥의 전개도를 완성할 수 있다.,,75
[6수03-09],초등 5~6학년군,수학,도형과 측정,쌓기나무로 만든 입체도형을 보고 사용된 쌓기나무의 개수를 구할 수 있다.,"쌓기나무로 만든 입체도형을 보고, 사용된 쌓기나무의 개수를 여러 가지 방법으로 구하고, 그 방법을 설명할 수 있다.","쌓기나무로 만든 입체도형을 보고, 사용된 쌓기나무의 개수를 구할 수 있다.","안내된 절차에 따라 쌓기나무로 만든 간단한 입체도형을 보고, 사용된 쌓기나무의 개수를 구할 수 있다.",,76
[6수03-10],초등 5~6학년군,수학,도형과 측정,"쌓기나무로 만든 입체도형의 위, 앞, 옆에서 본 모양을 표현할 수 있고, 이러한 표현을 보고 입체도형의 모양을 추측할 수 있다.","쌓기나무로 만든 입체도형의 위, 앞, 옆에서 본 모양을 표현하고, 이러한 표현을 보고 입체도형의 모양을 추론하며, 그 추론 과정을 설명할 수 있다.","쌓기나무로 만든 입체도형의 위, 앞, 옆에서 본 모양을 표현하고, 이러한 표현을 보고 입체도형의 모양을 추론할 수 있다.","안내된 절차에 따라 쌓기나무로 만든 간단한 입체도형의 위, 앞, 옆에서 본 모양을 표현하고, 이러한 표현을 보고 간단한 입체도형의 모양을 추측할 수 있다.",,76
[6수03-11],초등 5~6학년군,수학,도형과 측정,"평면도형의 둘레를 이해하고, 기본적인 평면도형의 둘레를 구할 수 있다.","여러 가지 평면도형의 둘레를 구하고, 그 방법을 설명할 수 있다.","평면도형의 둘레를 알고, 기본적인 평면도형의 둘레를 구할 수 있다.",안내된 절차에 따라 기본적인 평면도형의 둘레를 구할 수 있다.,,76
[6수03-12],초등 5~6학년군,수학,도형과 측정,"넓이 단위 1cm², 1m², 1km²를 알며, 그 관계를 이해한다.","1cm²와 1m², 1m²와 1km²사이의 관계를 설명하고, 실생활 상황에서 적절한 넓이 단위를 사용할 수 있다.","넓이 단위 1cm², 1m², 1km²를 알고, 1cm²와 1m², 1m²와 1km²사이의 관계를 설명할 수 있다.","넓이 단위 1cm², 1m², 1km²를 알고, 1m²가 몇 cm²인지, 1km²가 몇 m²인지를 안다.",,76
[6수03-13],초등 5~6학년군,수학,도형과 측정,"직사각형과 정사각형의 넓이를 구하는 방법을 이해하고, 이를 구할 수 있다.","직사각형과 정사각형의 넓이를 구하는 방법을 설명하고, 이를 이용하여 직사각형과 정사각형의 넓이를 구할 수 있다.","직사각형과 정사각형의 넓이를 구하는 방법을 이해하고, 이를 이용하여 직사각형과 정사각형의 넓이를 구할 수 있다.",안내된 절차에 따라 직사각형과 정사각형의 넓이를 구할 수 있다.,,76
[6수03-14],초등 5~6학년군,수학,도형과 측정,"평행사변형, 삼각형, 사다리꼴, 마름모의 넓이를 구하는 방법을 다양하게 추론하고, 이와 관련된 문제를 해결할 수 있다.","평행사변형, 삼각형, 사다리꼴, 마름모의 넓이를 구하는 여러 가지 방법을 추론하고, 그 추론 과정을 설명하며, 이를 이용하여 넓이를 구할 수 있다.","평행사변형, 삼각형, 사다리꼴, 마름모의 넓이를 구하는 방법을 이해하고, 이를 이용하여 넓이를 구할 수 있다.","안내된 절차에 따라 평행사변형, 삼각형, 사다리꼴, 마름모의 넓이를 구할 수 있다.",,77
[6수03-15],초등 5~6학년군,수학,도형과 측정,"여러 가지 원 모양 물체의 원주와 지름을 측정하는 활동을 통하여, 원주율이 일정한 값임을 알고 그 근삿값을 사용할 수 있다.","여러 가지 원 모양 물체의 원주와 지름을 측정하는 활동을 통하여 원주율의 의미를 설명하고, 원주율을 근삿값으로 나타내어 사용할 수 있다.","여러 가지 원 모양 물체의 원주와 지름을 측정하는 활동을 통하여 원주율이 일정한 값임을 알고, 원주율의 근삿값을 사용할 수 있다.",안내된 절차에 따라 원 모양 물체의 원주와 지름을 측정하는 활동을 통하여 원주율이 일정한 값임을 안다.,,77
[6수03-16],초등 5~6학년군,수학,도형과 측정,"원주와 원의 넓이를 구하는 방법을 이해하고, 이를 구할 수 있다.","원주와 원의 넓이를 구하는 방법을 설명하고, 이를 이용하여 원주와 원의 넓이를 구할 수 있다.","원주와 원의 넓이를 구하는 방법을 이해하고, 이를 이용하여 원주와 원의 넓이를 구할 수 있다.",안내된 절차에 따라 원주와 원의 넓이를 구할 수 있다.,,77
[6수03-17],초등 5~6학년군,수학,도형과 측정,"직육면체와 정육면체의 겉넓이를 구하는 방법을 이해하고, 이를 구할 수 있다.","직육면체와 정육면체의 겉넓이를 구하는 여러 가지 방법을 추론하고, 그 추론 과정을 설명하며, 이를 이용하여 직육면체와 정육면체의 겉넓이를 구할 수 있다.","직육면체와 정육면체의 겉넓이를 구하는 방법을 이해하고, 이를 이용하여 직육면체와 정육면체의 겉넓이를 구할 수 있다.",안내된 절차에 따라 직육면체와 정육면체의 겉넓이를 구할 수 있다.,,77
[6수03-18],초등 5~6학년군,수학,도형과 측정,"부피 단위 1cm³, 1m³를 알며, 그 관계를 이해한다.","1cm³와 1m³ 사이의 관계를 설명하고, 실생활 상황에서 적절한 부피 단위를 사용할 수 있다.","부피 단위 1cm³, 1m³를 알고, 1cm³와 1m³ 사이의 관계를 설명할 수 있다.","부피 단위 1cm³, 1m³를 알고, 1m³가 몇 cm³인지를 안다.",,77
[6수03-19],초등 5~6학년군,수학,도형과 측정,"직육면체와 정육면체의 부피를 구하는 방법을 이해하고, 이를 구할 수 있다.","직육면체와 정육면체의 부피를 구하는 방법을 추론하고, 그 추론 과정을 설명하며, 이를 이용하여 부피를 구할 수 있다.","직육면체와 정육면체의 부피를 구하는 방법을 이해하고, 이를 이용하여 직육면체와 정육면체의 부피를 구할 수 있다.",안내된 절차에 따라 직육면체와 정육면체의 부피를 구할 수 있다.,,78
[6수04-01],초등 5~6학년군,수학,자료와 가능성,"평균의 의미를 알고, 자료를 수집하여 평균을 구하고 해석할 수 있다.","평균의 의미와 유용성을 인식하고, 여러 집단의 자료를 수집하여 평균을 구하고 해석할 수 있다.","평균의 의미를 알고, 주어진 자료의 평균을 구하고 해석할 수 있다.",간단한 자료의 평균을 구할 수 있다.,,78
[6수04-02],초등 5~6학년군,수학,자료와 가능성,자료를 수집하여 띠그래프나 원그래프로 나타내고 해석할 수 있다.,"자료를 수집하여 띠그래프나 원그래프로 나타내고, 그래프를 해석하며, 그 과정에서 비율그래프의 필요성을 안다.","주어진 자료를 띠그래프나 원그래프로 나타내고, 그래프를 해석할 수 있다.","안내된 절차에 따라 자료를 띠그래프나 원그래프로 나타내고, 그래프에서 간단한 사실을 찾을 수 있다.",,78
[6수04-03],초등 5~6학년군,수학,자료와 가능성,"탐구 문제를 설정하고, 그에 맞는 자료를 수집, 정리하여 적절한 그래프로 나타내고 해석할 수 있다.","탐구 문제를 설정하고, 그에 맞는 자료를 수집, 정리하여 적절한 그래프로 나타내며, 그래프를 해석할 수 있다.","탐구 문제에 맞는 자료를 수집, 정리하여 적절한 그래프로 나타내고, 그래프를 해석할 수 있다.","안내된 절차에 따라 자료를 적절한 그래프로 나타내고, 그래프에서 간단한 사실을 찾을 수 있다.",,78
[6수04-04],초등 5~6학년군,수학,자료와 가능성,사건이 일어날 가능성을 말로 표현하고 비교할 수 있다.,"실생활에서 여러 가지 사건이 일어날 가능성을 말로 표현하고, 가능성을 비교하여 설명할 수 있다.","주어진 사건이 일어날 가능성을 말로 표현하고, 가능성을 비교할 수 있다.",안내된 절차에 따라 주어진 사건이 일어날 가능성을 말로 표현할 수 있다.,,79
[6수04-05],초등 5~6학년군,수학,자료와 가능성,사건이 일어날 가능성을 수로 나타낼 수 있다.,"실생활의 간단한 사건에 대하여 사건이 일어날 가능성을 수로 표현하고, 그 이유를 설명할 수 있다.",실생활의 간단한 사건에 대하여 사건이 일어날 가능성을 수로 표현할 수 있다.,"안내된 절차에 따라 간단한 사건에 대하여 사건이 일어날 가능성을 0, , 1로 구분할 수 있다.",,79
[6수04-06],초등 5~6학년군,수학,자료와 가능성,"자료를 이용하여 가능성을 예상하고, 가능성에 근거하여 적절한 판단을 내릴 수 있다.","간단한 실험 결과를 나타낸 자료를 보고 가능성을 예상하고, 가능성에 근거하여 적절한 판단을 내릴 수 있다.",간단한 실험 결과를 나타낸 자료를 보고 가능성을 예상할 수 있다.,안내된 절차에 따라 간단한 실험 결과를 나타낸 자료를 보고 가능성을 예상할 수 있다.,,79
[6과01-01],초등 5~6학년군,과학,지층과 화석,"지층의 특징을 알고, 지층의 형성 과정을 모형으로 표현할 수 있다.","여러 지층을 관찰하여 지층의 공통적인 특징을 알고, 지층의 형성 과정을 모형으로 표현하여 설명할 수 있다.","지층을 관찰하여 특징을 말하고, 지층을 모형으로 표현할 수 있다.",지층을 관찰하여 지층의 두께나 색이 서로 다름을 말할 수 있다.,,114
[6과01-02],초등 5~6학년군,과학,지층과 화석,"지층이 퇴적암으로 이루어짐을 알고, 퇴적암을 알갱이의 크기에 따라 분류할 수 있다.","지층이 퇴적암으로 이루어짐을 알고, 이암, 사암, 역암을 관찰하여 알갱이의 크기에 따라 퇴적암을 분류할 수 있다.","이암, 사암, 역암이 퇴적암이라는 것을 알고, 이를 관찰하여 알갱이의 크기를 비교할 수 있다.","이암, 사암, 역암을 관찰하고, 알갱이의 크기가 다르다는 것을 말할 수 있다.","이암, 사암, 역암 관찰하기",114
[6과01-03],초등 5~6학년군,과학,지층과 화석,"화석의 생성 과정을 모형으로 설명하고, 지구의 과거 생물과 환경을 추리하는 활동을 통해 화석의 가치를 인식할 수 있다.","화석을 관찰하고 화석의 생성 과정을 모형으로 표현하며, 지구의 과거 생물과 환경을 추리하는 활동을 통해 화석의 가치를 인식한다.","화석의 생성 과정을 모형으로 설명하고, 화석을 관찰하여 지구의 과거 생물의 모습을 추리할 수 있다.",여러 가지 화석을 관찰하고 화석에 관심을 가진다.,화석을 관찰하고 화석 모형 만들기,114
[6과02-01],초등 5~6학년군,과학,빛의 성질,"물체를 보기 위해서 빛이 있어야 함을 알고, 빛의 성질에 대해 흥미를 느낄 수 있다.","어둠상자 속 물체 관찰하기를 통해 물체를 보기 위해서는 빛이 필요하다는 결론을 도출하고, 빛의 성질을 탐구하는 활동에 적극적으로 참여한다.",어둠상자 속 물체 관찰하기를 통해 물체는 빛이 있어야 볼 수 있음을 말할 수 있다.,빛에 의한 현상에 대해 흥미를 가진다.,어둠상자 속의 물체 관찰하기,115
[6과02-02],초등 5~6학년군,과학,빛의 성질,"빛이 나아가는 현상을 관찰하여 빛이 직진, 반사, 굴절하는 성질이 있음을 말할 수 있다.","빛이 나아가는 다양한 현상으로부터 빛이 직진, 반사, 굴절하는 성질이 있음을 추리할 수 있다.","빛이 공기 중이나 평면거울, 렌즈를 통해 나아가는 모습을 관찰하고, 이를 빛의 직진, 반사, 굴절과 관련지을 수 있다.",직진하던 빛이 물체를 만나면 빛의 경로가 바뀜을 말할 수 있다.,평면거울에서 빛의 반사 실험하기 / 렌즈를 이용하여 빛의 굴절 실험하기,115
[6과02-03],초등 5~6학년군,과학,빛의 성질,거울과 렌즈의 쓰임새를 조사하고 거울이나 렌즈를 이용한 장치를 창의적으로 만들 수 있다.,"일상생활에서의 거울과 렌즈의 쓰임새를 조사하여 빛의 성질과 관련지어 설명하고, 거울이나 렌즈를 이용한 창의적인 장치를 만들 수 있다.","일상생활에서의 거울과 렌즈의 쓰임새를 조사하고, 빛의 성질과 관련지을 수 있다.",일상생활에서 거울과 렌즈의 쓰임새를 조사하여 찾을 수 있다.,,115
[6과03-01],초등 5~6학년군,과학,용해와 용액,"용해 현상의 의미를 알고, 용질의 종류와 물의 온도에 따라 물에 녹는 용질의 양이 달라짐을 비교할 수 있다.","용해 현상의 의미를 이해하고, 용질의 종류와 물의 온도에 따라 물에 녹는 용질의 양이 달라짐을 비교하여 물에 녹는 용질의 양에 영향을 주는 요인을 찾을 수 있다.","용해 현상의 의미를 말하고, 용질의 종류 또는 물의 온도에 따라 물에 녹는 용질의 양이 달라짐을 비교할 수 있다.","물에 녹는 물질이 있음을 이해하고, 용해 전과 후의 무게 변화를 설명할 수 있다.",용해 전과 후의 무게 측정하기 / 물에 녹는 용질의 양에 영향을 미치는 요인 탐구하기,116
[6과03-02],초등 5~6학년군,과학,용해와 용액,"용질이나 용매의 양에 따라 용액의 진하기가 달라짐을 관찰하고, 용액의 상대적인 진하기를 비교할 수 있다.","용질이나 용매의 양에 따라 용액의 진하기가 달라짐을 이해하고, 용액의 진하기를 상대적으로 비교할 수 있다.","용질이나 용매의 양에 따라 용액의 진하기가 달라짐을 알고, 물체의 뜨는 정도로 용액의 진하기를 비교할 수 있다.",용질이나 용매의 양에 따라 용액의 진하기가 달라짐을 말할 수 있다.,진하기가 다른 용액에서 물체의 뜨는 정도 비교하기,116
[6과03-03],초등 5~6학년군,과학,용해와 용액,일상생활에서 용액이 쓰이는 사례를 조사하여 용액의 필요성을 알리는 자료를 만들고 공유할 수 있다.,"일상생활에서 용액이 쓰이는 사례를 조사하고, 용액의 필요성을 알리는 자료를 만들어 공유할 수 있다.","일상생활에서 용액이 쓰이는 사례를 찾아보고, 용액의 필요성을 알리는 자료를 만들 수 있다.",일상생활에서 용액이 다양하게 쓰이고 있는 사례를 찾아 말할 수 있다.,,116
[6과04-01],초등 5~6학년군,과학,우리 몸의 구조와 기능,뼈와 근육의 생김새를 관찰하고 모형을 만들어 몸이 움직이는 원리를 설명할 수 있다.,"뼈와 근육의 생김새를 관찰하고 모형을 만들어 몸이 움직이는 원리를 설명하며, 운동할 때 우리 몸에서 일어나는 변화를 관찰하여 설명할 수 있다.","뼈와 근육이 움직이는 것을 관찰하고, 모형을 만들어 몸이 움직이는 것을 설명할 수 있다.",뼈와 근육의 생김새를 관찰하고 모형을 만들 수 있다.,운동할 때 몸에서 일어나는 변화 관찰하기,117
[6과04-02],초등 5~6학년군,과학,우리 몸의 구조와 기능,"소화, 순환, 호흡, 배설 기관의 구조와 기능을 알아보고, 우리 몸의 여러 기관이 서로 관련되어 있음을 설명할 수 있다.","소화, 순환, 호흡, 배설 기관의 종류, 위치, 생김새, 기능을 알고, 우리 몸의 여러 기관이 서로 관련되어 있음을 설명할 수 있다.","소화, 순환, 호흡, 배설 기관의 구조와 기능을 설명할 수 있다.","소화, 순환, 호흡, 배설 기관의 종류를 말할 수 있다.",,117
[6과04-03],초등 5~6학년군,과학,우리 몸의 구조와 기능,"우리 몸의 여러 기관과 관련된 질병을 조사하고, 건강을 유지하기 위한 생활 방식을 실천할 수 있다.","우리 몸의 여러 기관과 관련된 질병을 조사하고, 생활 속에서 과학이 건강에 활용됨을 인식하여 건강을 유지하기 위한 생활 방식을 실천할 수 있다.","우리 몸의 여러 기관과 관련된 질병을 조사하고, 건강에 관심을 가지며, 건강을 유지하기 위한 생활 방식을 발표할 수 있다.",우리 몸의 여러 기관과 관련된 질병을 조사할 수 있다.,,117
[6과05-01],초등 5~6학년군,과학,혼합물의 분리,알갱이의 크기가 다른 고체 혼합물과 골고루 섞이지 않는 액체 혼합물을 분리할 수 있다.,"혼합물의 의미를 이해하고, 알갱이의 크기가 다른 고체 혼합물과 골고루 섞이지 않는 액체 혼합물을 분리할 수 있다.","알갱이의 크기가 다른 고체 혼합물을 분리하고, 액체 혼합물의 사례와 혼합물의 의미를 설명할 수 있다.","알갱이의 크기가 다른 고체 혼합물, 골고루 섞이지 않는 액체 혼합물의 분리 과정을 말할 수 있다.",모래와 자갈의 혼합물 분리하기 / 물과 기름의 혼합물 분리하기,118
[6과05-02],초등 5~6학년군,과학,혼합물의 분리,"물에 용해되는 성질을 이용하여 고체 혼합물을 분리하고, 물을 증발시켜 물에 용해된 고체 물질을 분리할 수 있다.","물에 용해되는 성질과 물이 증발하는 성질을 알고, 이를 이용하여 혼합물을 분리할 수 있다.",물에 용해되는 성질과 물이 증발하는 성질을 이용하여 혼합물 일부를 분리할 수 있다.,물에 용해되는 성질과 물이 증발하는 성질을 이용하여 혼합물을 분리할 수 있음을 말할 수 있다.,소금과 모래의 혼합물 분리하기,118
[6과05-03],초등 5~6학년군,과학,혼합물의 분리,지속가능한 삶을 위한 과학기술 사례 중 혼합물의 분리를 이용한 장치를 조사하여 공유할 수 있다.,"지속가능한 삶을 위한 과학기술 사례 중 혼합물의 분리를 이용한 장치를 조사하고, 이러한 장치가 인간의 삶에 어떻게 기여하는지 공유할 수 있다.","지속가능한 삶을 위한 과학기술 사례를 조사하고, 혼합물의 분리를 이용한 장치를 구분할 수 있다.",일상생활에서 혼합물을 분리하는 사례를 말할 수 있다.,,118
[6과06-01],초등 5~6학년군,과학,날씨와 우리 생활,"기상 요소를 조사하고, 날씨가 우리 생활에 주는 영향을 인식할 수 있다.","기온, 바람, 습도, 구름의 양, 강수량 등의 기상 요소를 조사하여, 날씨가 우리 생활에 주는 영향을 예를 들어 설명할 수 있다.","기온, 바람, 습도, 구름의 양, 강수량 등의 기상 요소가 우리 생활에 주는 영향을 조사할 수 있다.",날씨가 우리 생활에 주는 영향을 말할 수 있다.,,119
[6과06-02],초등 5~6학년군,과학,날씨와 우리 생활,"이슬, 안개, 구름을 관찰하고, 공통점과 차이점을 찾을 수 있다.","이슬, 안개, 구름을 관찰하고, 이슬과 안개 발생 실험을 통해 이슬과 안개의 공통점과 차이점을 설명할 수 있다.","이슬, 안개, 구름의 공통점과 차이점을 찾을 수 있다.","이슬, 안개, 구름을 구별할 수 있다.","이슬, 안개 발생 실험하기",119
[6과06-03],초등 5~6학년군,과학,날씨와 우리 생활,고기압과 저기압의 분포에 따른 날씨의 특징을 기상 요소로 표현할 수 있다.,"바람 발생 모형실험을 통해 고기압에서 저기압으로 부는 바람의 방향을 설명하고, 고기압과 저기압의 분포에 따른 날씨의 특징을 기상 요소로 표현할 수 있다.",바람 발생 모형실험을 통해 고기압에서 저기압으로 부는 바람의 방향을 설명할 수 있다.,고기압과 저기압의 의미를 말할 수 있다.,바람 발생에 대한 모형실험하기,119
[6과07-01],초등 5~6학년군,과학,열과 우리 생활,"물체의 따뜻하고 차가운 정도를 온도로 표현함을 알고, 온도계를 이용하여 온도를 측정할 수 있다.","물체의 따뜻하고 차가운 정도를 온도로 표현함을 이해하고, 온도계의 올바른 사용법을 익혀 여러 가지 물체나 장소의 온도를 측정할 수 있다.","물체의 따뜻하고 차가운 정도를 온도로 표현하고, 온도계의 사용법을 말할 수 있다.","온도가 물체의 따뜻하고 차가운 정도를 나타냄을 알고, 온도계가 온도를 측정하는 도구임을 말할 수 있다.",,120
[6과07-02],초등 5~6학년군,과학,열과 우리 생활,온도가 다른 두 물체가 접촉했을 때 두 물체의 온도 변화를 관찰하고 그 원인을 추리할 수 있다.,"온도가 다른 두 물체가 접촉했을 때 두 물체의 온도 변화를 관찰하고, 두 물체의 온도 변화를 두 물체 사이의 열 이동으로 추리하여 설명할 수 있다.","온도가 다른 두 물체가 접촉했을 때 두 물체의 온도를 관찰하고, 두 물체의 시간에 따른 온도 변화의 특징을 설명할 수 있다.",온도가 다른 두 물체가 접촉했을 때 두 물체의 온도가 변한다는 사실을 말할 수 있다.,온도가 다른 두 물체가 접촉할 때 두 물체의 온도 변화 측정하기,120
[6과07-03],초등 5~6학년군,과학,열과 우리 생활,주위에서 열의 이동으로 나타나는 현상을 관찰하여 열의 이동 방식이 다양함을 설명할 수 있다.,"주위에서 열의 이동으로 나타나는 다양한 현상을 관찰하여 열의 이동 방식에 따라 분류하고, 열이 이동하는 여러 방식의 특징을 비교할 수 있다.",열의 이동으로 나타나는 현상을 관찰하여 열의 이동 방식이 다양함을 설명할 수 있다.,주위에서 열의 이동으로 나타나는 현상들을 찾을 수 있다.,열이 이동하는 여러 방식의 특징 비교하기,120
[6과07-04],초등 5~6학년군,과학,열과 우리 생활,"일상생활에서 단열을 이용하는 사례를 조사하고, 온도를 오랫동안 일정하게 유지할 수 있는 장치를 창의적으로 만들 수 있다.","일상생활에서 단열을 이용하는 사례를 조사하여 열의 이동 방식과 관련지어 설명하고, 열의 이동 방식을 고려하여 온도를 오랫동안 일정하게 유지할 수 있는 장치를 만들 수 있다.","일상생활에서 단열이 이용되는 예를 조사하고, 온도를 일정하게 유지할 수 있는 장치를 만들 수 있다.",일상생활에서 온도를 일정하게 유지할 수 있는 장치의 예를 찾아 필요성을 말할 수 있다.,,120
[6과08-01],초등 5~6학년군,과학,자원과 에너지,"우리가 생활에서 이용하는 다양한 자원을 조사하고, 자원의 유한함을 설명할 수 있다.","일상생활에서 이용하는 다양한 자원을 조사하고, 자원의 유한함과 효율적 사용을 관련지어 설명할 수 있다.","주위에서 이용하는 자원을 조사하고, 자원이 유한하다는 것을 말할 수 있다.",주위에서 이용하고 있는 자원의 예를 말할 수 있다.,,121
[6과08-02],초등 5~6학년군,과학,자원과 에너지,"재생에너지의 종류를 조사하고, 에너지를 지속가능하게 이용하는 방법에 관심을 갖는다.","주위에서 활용되는 재생에너지의 종류를 조사하고, 에너지의 지속가능한 이용 방법에 관심을 가진다.",재생에너지의 종류와 활용되는 예를 조사하여 말할 수 있다.,재생에너지의 의미를 말할 수 있다.,,121
[6과08-03],초등 5~6학년군,과학,자원과 에너지,"자원과 에너지의 효율적인 이용 방법에 대해 탐색하고, 생활 속에서 실천할 수 있는 다양한 사례를 공유할 수 있다.","자원과 에너지를 효율적으로 이용하는 다양한 방법을 탐색하고, 생활 속 다양한 실천 사례를 공유할 수 있다.","자원과 에너지를 효율적으로 이용하는 방법을 조사하고, 자원과 에너지를 아끼기 위한 실천 사례를 말할 수 있다.",자원과 에너지의 소중함과 효율적 활용의 필요성을 말할 수 있다.,효율적으로 에너지를 이용하는 집 모형의 효과 탐구하기,121
[6과09-01],초등 5~6학년군,과학,산과 염기,여러 가지 용액에 지시약을 넣었을 때의 변화를 관찰하여 용액을 산성 용액과 염기성 용액으로 분류할 수 있다.,여러 가지 용액에 지시약을 넣었을 때 나타나는 색깔 변화를 관찰하여 산성 용액과 염기성 용액으로 분류할 수 있다.,용액에 지시약을 넣었을 때 나타나는 색깔 변화를 관찰하여 같은 성질을 지닌 용액끼리 모을 수 있다.,용액에 지시약을 넣었을 때 나타나는 색깔 변화를 관찰할 수 있다.,지시약을 이용하여 용액 분류하기,122
[6과09-02],초등 5~6학년군,과학,산과 염기,"산성 용액과 염기성 용액의 성질을 관찰하고, 산성 용액과 염기성 용액을 섞을 때 용액의 성질 변화를 실험을 통해 추론할 수 있다.","산성 용액과 염기성 용액을 관찰하여 성질을 설명하고, 산성 용액과 염기성 용액을 섞었을 때 나타나는 지시약의 색깔 변화로 용액의 성질 변화를 설명할 수 있다.","산성 용액과 염기성 용액의 성질을 관찰하여 설명하고, 지시약을 이용하여 산성 용액과 염기성 용액을 섞었을 때 나타나는 용액의 색깔 변화를 기술할 수 있다.",산성 용액과 염기성 용액의 성질을 관찰하여 설명할 수 있다.,묽은 염산과 묽은 수산화 나트륨 용액을 섞을 때 용액의 색깔 변화 관찰하기,122
[6과09-03],초등 5~6학년군,과학,산과 염기,우리 주변에서 산성 용액과 염기성 용액을 이용하는 예를 찾아서 설명할 수 있다.,우리 주변에서 산성 용액과 염기성 용액을 이용하는 사례를 조사하여 설명할 수 있다.,우리 주변에서 산성 용액이나 염기성 용액을 이용하는 사례를 조사하여 말할 수 있다.,산성 용액이나 염기성 용액을 이용하는 사례를 말할 수 있다.,,122
[6과09-04],초등 5~6학년군,과학,산과 염기,산성화로 인한 환경의 피해 사례를 소개하는 자료를 만들고 공유할 수 있다.,"산성화로 인한 환경 피해의 심각성을 인식하고, 문제 해결을 위해 관련 사례를 소개하는 자료를 만들어 공유할 수 있다.","산성화로 인한 환경 피해 사례를 조사하고, 산성화로 인한 환경 문제에 관심을 가진다.",산성화로 인해 환경에 피해가 생길 수 있음을 말할 수 있다.,,122
[6과10-01],초등 5~6학년군,과학,물체의 운동,운동하는 물체는 시간에 따라 위치가 변화함을 알고 그 변화를 표현할 수 있다.,"운동하는 물체의 사례를 관찰하여 운동하는 물체는 시간에 따라 위치가 변한다는 특징을 이해하고, 그 변화를 표현할 수 있다.",운동하는 물체의 사례를 관찰하여 운동하는 물체는 시간에 따라 위치가 변함을 말할 수 있다.,운동하는 물체의 위치가 변함을 말할 수 있다.,운동하는 물체의 공통된 특징 탐구하기,123
[6과10-02],초등 5~6학년군,과학,물체의 운동,물체의 이동 거리와 걸린 시간을 측정하여 속력을 구하고 빠르기를 비교할 수 있다.,"여러 가지 물체들의 이동 거리와 걸린 시간을 측정하여 물체들의 속력을 비교하고, 단위와 함께 표현할 수 있다.",같은 시간 동안 물체가 이동한 거리를 측정하여 운동하는 물체의 빠르기를 비교할 수 있다.,운동하는 물체의 이동 거리와 걸린 시간을 측정할 수 있다.,같은 시간 동안에 물체가 이동한 거리 비교하기,123
[6과10-03],초등 5~6학년군,과학,물체의 운동,속력과 관련된 안전 수칙과 안전장치를 조사한 결과를 공유하고 일상생활에서 교통안전을 실천할 수 있다.,"속력과 관련된 안전 수칙과 안전장치를 조사하여 공유하고, 조사한 내용을 바탕으로 일상생활에서 교통안전을 실천한다.","속력과 관련된 안전 수칙과 안전장치를 조사하고, 교통안전을 위해 실천할 수 있는 행동을 말할 수 있다.",일상생활에서 속력과 관련된 안전 수칙과 안전장치를 찾을 수 있다.,,123
[6과11-01],초등 5~6학년군,과학,식물의 구조와 기능,생물을 이루고 있는 기본 단위인 세포를 현미경으로 관찰할 수 있다.,"생물을 이루고 있는 기본 단위가 세포임을 이해하고 세포 영구 표본을 이용하여 현미경으로 세포의 핵, 세포벽 등을 관찰할 수 있다.",식물 세포 영구 표본을 이용하여 현미경으로 세포의 핵을 찾을 수 있다.,현미경 관찰을 통해 생물을 이루고 있는 기본 단위가 세포임을 말할 수 있다.,,124
[6과11-02],초등 5~6학년군,과학,식물의 구조와 기능,"식물의 각 기관의 구조를 관찰하고, 기능을 알아보는 실험을 수행하여 식물 각 기관의 구조와 기능을 설명할 수 있다.","식물의 각 기관의 구조를 관찰하고 줄기에서의 물의 이동, 증산 작용 실험, 광합성 산물을 확인하는 실험을 통해 뿌리, 줄기, 잎, 꽃의 기능을 이해하여 각각의 기관이 연결되어 있음을 설명할 수 있다.","식물의 각 기관의 구조를 관찰하고 기능을 알아보는 실험을 통해 식물의 뿌리, 줄기, 잎, 꽃의 구조와 각각의 기능을 말할 수 있다.","식물을 관찰하여 뿌리, 줄기, 잎, 꽃으로 구분할 수 있다.",줄기에서 물의 이동 실험하기 / 광합성 산물 확인 실험하기 / 증산 작용 확인 실험하기,124
[6과11-03],초등 5~6학년군,과학,식물의 구조와 기능,여러 가지 식물의 특징을 설명하는 자료를 만들어 공유할 수 있다.,"여러 가지 식물의 구조와 기능을 관찰하거나 조사하고, 이를 설명하는 자료를 만들어 발표하고 공유할 수 있다.",여러 가지 식물의 특징을 설명하는 자료를 만들 수 있다.,여러 가지 식물의 특징을 말할 수 있다.,,124
[6과12-01],초등 5~6학년군,과학,지구의 운동,하루 동안 태양과 별을 관찰하여 위치 변화의 규칙성을 찾을 수 있다.,"남쪽 하늘을 바라보는 관측자 관점에서 하루 동안 태양과 별을 관찰하여 기록하고, 위치 변화의 규칙성을 찾아 설명할 수 있다.","남쪽 하늘을 바라보는 관측자 관점에서 하루 동안 태양과 별을 관찰하고 기록하여, 하루 동안 천체의 위치가 달라짐을 설명할 수 있다.",하루 동안 태양과 별의 위치가 달라짐을 말할 수 있다.,,125
[6과12-02],초등 5~6학년군,과학,지구의 운동,"지구의 자전을 알고, 낮과 밤이 생기는 이유를 설명할 수 있다.","지구가 자전축을 중심으로 하루에 한 바퀴 도는 것을 알고, 낮과 밤이 생기는 이유를 모형실험을 통해 지구의 자전으로 설명할 수 있다.",모형실험을 통해 낮과 밤이 생기는 이유를 지구의 자전으로 설명할 수 있다.,지구의 자전에 따라 낮과 밤이 생기는 현상을 관찰할 수 있다.,낮과 밤이 생기는 이유 모형실험하기,125
[6과12-03],초등 5~6학년군,과학,지구의 운동,"지구의 공전을 알고, 계절에 따라 달라지는 별자리를 관찰할 수 있다.","지구의 공전을 알고, 천체 관측 프로그램을 이용하여 계절에 따라 달라지는 별자리를 관찰하고 설명할 수 있다.",천체 관측 프로그램을 이용하여 계절에 따라 달라지는 별자리를 관찰할 수 있다.,계절에 따라 별자리가 달라진다는 것을 말할 수 있다.,천체 관측 프로그램을 이용하여 계절별 대표적인 별자리 관찰하기,125
[6과13-01],초등 5~6학년군,과학,계절의 변화,"태양 고도 측정기로 하루 동안 태양 고도, 그림자 길이, 기온을 측정하여 이들의 관계를 찾을 수 있다.","하루 동안 태양 고도, 그림자 길이, 기온을 측정하고, 이들의 관계를 찾아 설명할 수 있다.","하루 동안 태양 고도를 측정하고, 태양 고도의 변화를 설명할 수 있다.","태양 고도의 의미를 이해하고, 태양 고도를 측정할 수 있다.",태양 고도 측정기 만들기,126
[6과13-02],초등 5~6학년군,과학,계절의 변화,계절에 따른 태양의 남중 고도와 낮의 길이 사이의 관계를 자료에 근거하여 추론할 수 있다.,"디지털 자료를 활용하여 계절별 태양의 남중 고도, 낮의 길이를 조사하고, 자료에 근거하여 이들 사이의 관계를 추론할 수 있다.","디지털 자료를 활용하여 계절별 태양의 남중 고도, 낮의 길이를 조사하고, 태양의 남중 고도에 따라 낮의 길이가 달라진다는 것을 설명할 수 있다.","디지털 자료를 활용하여 계절별 태양의 남중 고도, 낮의 길이를 조사할 수 있다.","디지털 자료를 활용하여 계절별 태양의 남중 고도, 낮의 길이 관계 탐구하기",126
[6과13-03],초등 5~6학년군,과학,계절의 변화,계절 변화의 원인을 지구의 자전축이 기울어진 채 공전하는 것으로 설명할 수 있다.,계절 변화의 원인을 지구 자전축의 기울기와 지구의 공전에 따른 태양의 남중 고도 변화로 설명할 수 있다.,계절의 변화가 지구의 자전축이 기울어진 채 공전하는 것과 관련이 있음을 말할 수 있다.,계절 변화가 지구의 자전축 기울기와 관련 있다는 것을 말할 수 있다.,,126
[6과14-01],초등 5~6학년군,과학,물질의 연소,물질의 성질이 달라지는 변화와 달라지지 않는 변화를 관찰하여 비교할 수 있다.,서로 다른 물질을 섞기 전과 후의 성질을 비교하여 물질의 성질이 달라지는 변화와 달라지지 않는 변화가 있음을 추론할 수 있다.,서로 다른 물질을 섞은 후 나타나는 변화를 관찰하여 물질의 성질이 달라질 수 있음을 설명할 수 있다.,서로 다른 물질을 섞었을 때 물질의 성질이 달라질 수 있음을 말할 수 있다.,서로 다른 물질을 섞었을 때 물질의 성질 변화 관찰하기,127
[6과14-02],초등 5~6학년군,과학,물질의 연소,"물질이 연소할 때 나타나는 공통적인 현상을 관찰하고, 연소의 조건을 찾을 수 있다.","여러 연소 사례를 통해 물질이 탈 때 나타나는 공통적인 현상을 관찰하고, 연소에 필요한 조건을 설명할 수 있다.","물질이 타는 여러 사례를 관찰하고, 공통적인 현상을 찾아 말할 수 있다.",물질이 탈 때 나타나는 현상을 관찰하여 말할 수 있다.,양초와 알코올이 탈 때 나타나는 공통적인 현상 관찰하기,127
[6과14-03],초등 5~6학년군,과학,물질의 연소,연소 전과 후의 물질을 비교하여 연소 과정에서 물질의 성질이 달라짐을 설명할 수 있다.,"연소 생성물을 확인하는 실험에서 연소 전과 후의 물질을 비교함으로써, 연소 과정에서 물질의 성질이 달라짐을 말할 수 있다.",연소 생성물을 확인하는 실험에서 연소 전과 후의 물질을 비교할 수 있다.,연소 후 생성되는 물질이 있음을 말할 수 있다.,연소 후 생성되는 물질 확인하는 실험하기,127
[6과14-04],초등 5~6학년군,과학,물질의 연소,연소 과정에서 생성되는 물질로 인한 생태계의 피해 사례를 수집하고 분석하여 해결책을 제안하고 공유할 수 있다.,"연소 과정에서 생성된 물질로 인한 생태계의 피해 사례를 수집하여 분석하고, 해결책을 찾아 공유할 수 있다.",연소 과정에서 생성되는 물질로 인한 생태계의 피해 사례를 수집하고 분석할 수 있다.,연소 생성물로 인한 생태계 피해 사례가 있음을 말할 수 있다.,,127
[6과15-01],초등 5~6학년군,과학,전기의 이용,"전지와 전구, 전선을 연결하여 전구에 불을 켜보고, 불이 켜지는 전기 회로의 특징을 말할 수 있다.","전구에 불이 켜지는 전기 회로에서 전지, 전구, 전선의 연결 특징을 설명할 수 있다.",전구에 불이 켜지는 전기 회로와 전구에 불이 켜지지 않는 전기 회로를 비교하여 차이점을 찾을 수 있다.,"전지, 전구, 전선을 연결하여 전구에 불을 켤 수 있다.",전구에 불이 켜지는 전기 회로와 불이 켜지지 않는 전기 회로 비교하기,128
[6과15-02],초등 5~6학년군,과학,전기의 이용,전지 한 개를 연결한 전기 회로와 전지 두 개를 직렬연결한 전기 회로의 특징을 비교할 수 있다.,"전지 한 개를 연결한 전기 회로와 전지 두 개를 직렬연결한 전기 회로에 전구나 전동기 등의 전기 부품을 연결하여 보고, 전지를 직렬연결한 개수에 따른 회로의 특징을 서로 비교하여 설명할 수 있다.",전지 한 개를 연결한 전기 회로와 전지 두 개를 직렬연결한 전기 회로에서 전구의 밝기를 비교할 수 있다.,전지 한 개를 연결한 전기 회로와 전지 두 개를 직렬연결한 전기 회로를 만들 수 있다.,전지 한 개를 연결한 전기 회로와 전지 두 개를 직렬연결한 전기 회로에서 전구의 밝기 비교하기,128
[6과15-03],초등 5~6학년군,과학,전기의 이용,전자석을 만들어 전자석의 성질을 탐색하고 전자석이 사용되는 예를 조사할 수 있다.,"전자석의 성질을 영구 자석과 비교하여 탐색하고, 일상생활에서 전자석이 사용되는 사례를 전자석의 성질과 관련지어 설명할 수 있다.","실험을 통해 전자석의 세기와 방향을 바꾸는 방법을 찾고, 일상생활에서 전자석이 사용되는 예를 조사할 수 있다.",전자석을 만들어 전기가 흐르면 자석의 성질을 갖는 것을 관찰할 수 있다.,전자석의 성질을 영구 자석과 비교하여 탐색하기,128
[6과15-04],초등 5~6학년군,과학,전기의 이용,전기를 효율적이고 안전하게 사용하는 방법을 조사하여 실천 계획을 세우고 일상생활에서 실천할 수 있다.,일상생활에서 효율적이고 안전한 전기 사용 방법에 관한 적절한 계획을 세워 실천할 수 있다.,효율적이고 안전한 전기 사용 방법을 조사할 수 있다.,효율적이고 안전한 전기 사용의 중요성을 인식한다.,,128
[6과16-01],초등 5~6학년군,과학,과학과 나의 진로,"미래 사회에 일어날 수 있는 문제를 조사하고, 문제를 해결하는 데 과학이 기여할 수 있는 방법을 토의할 수 있다.","미래 사회에 일어날 수 있는 문제를 조사하여 분석하고, 미래 사회 문제를 해결하는 데 과학이 기여하는 방법을 토의할 수 있다.",미래 사회에 일어날 수 있는 문제를 해결하는 데 과학이 기여할 수 있는 방법을 말할 수 있다.,미래 사회에 일어날 수 있는 문제를 해결하는 데 과학이 필요함을 말할 수 있다.,,129
[6과16-02],초등 5~6학년군,과학,과학과 나의 진로,"다양한 진로가 과학과 관련됨을 알고, 자신의 진로를 과학과 관련지어 설명할 수 있다.","다양한 진로와 과학과의 관련성을 조사하고, 나의 진로와 과학과의 관련성을 설명할 수 있다.",다양한 진로와 과학과의 관련성을 조사하여 설명할 수 있다.,다양한 진로와 과학의 관련성을 말할 수 있다.,우리의 진로에 영향을 미치는 과학적 요소 탐구하기,129
[6실01-01],초등 5~6학년군,실과,인간 발달과 주도적 삶,아동기의 발달 특징을 이해하고 성장발달에 필요한 조건과 방법을 탐색한다.,"아동기 발달 특징을 이해하고 성장발달에 필요한 조건과 방법을 탐색하며, 발달에는 개인차가 있음을 알아 자신과 타인의 발달에 대해 존중하는 태도를 갖는다.","아동기 발달 특징을 이해하고 성장발달에 필요한 조건과 방법을 탐색하며, 자신과 타인의 발달을 긍정적으로 수용하는 태도를 갖는다.",아동기 발달의 특징을 이해하여 성장발달에 필요한 조건을 확인한다.,,160
[6실01-02],초등 5~6학년군,실과,인간 발달과 주도적 삶,"건강한 발달을 위한 자기 관리 방법을 탐색하고, 일상생활 속에서 올바른 생활습관과 태도를 갖도록 계획하여 실천한다.","건강한 발달을 위한 조건과 이를 위해 자기 관리가 필요함을 이해하고, 일상생활 속에서 올바른 생활습관과 태도를 갖도록 자기관리 방법을 계획하여 실천한다.","건강한 발달을 위한 조건과 자기 관리 필요성을 이해하고, 일상생활 속에서 올바른 생활습관과 태도를 갖도록 자기 관리 방법을 계획한다.",건강한 발달을 위한 조건을 이해하고 일상생활 속 자기 관리 방법을 탐색한다.,,160
[6실01-03],초등 5~6학년군,실과,인간 발달과 주도적 삶,건강한 가정생활을 위해 가족원 모두에게 다양한 요구가 있음을 이해하여 서로에 대한 배려와 돌봄을 실천한다.,"건강한 가정생활을 위해서는 가족원 모두에게 있는 다양한 요구에 대해 배려와 돌봄이 필요함을 이해하고, 이를 실천한다.",건강한 가정생활을 위해서는 가족원 모두에게 있는 다양한 요구에 대해 배려와 돌봄이 필요함을 이해한다.,가족에게는 가정생활 속에서 모두 다양한 요구가 있음을 이해한다.,,160
[6실01-04],초등 5~6학년군,실과,인간 발달과 주도적 삶,균형 잡힌 식사의 중요성과 조건을 탐색하여 자신의 식습관을 검토해 보고 건강한 식습관 형성에 적용한다.,"균형 잡힌 식사의 중요성과 조건을 이해하고 자신의 식습관이 이에 해당되는지 검토, 평가하여 건강한 식습관이 형성될 수 있도록 실천하는 태도를 갖는다.",균형 잡힌 식사의 중요성과 조건을 이해하고 자신의 식습관이 이에 해당되는지 검토하며 건강한 식습관 형성을 위해 관심을 가진다.,균형 잡힌 식사의 중요성을 이해하고 자신의 식습관을 확인한다.,,161
[6실01-05],초등 5~6학년군,실과,인간 발달과 주도적 삶,옷의 기능을 이해하여 평소 자신의 옷차림을 살펴보고 건강하고 적절한 옷 입기를 실천한다.,"옷의 기능을 이해하고 이를 중심으로 평소 자신의 옷차림을 검토, 평가할 수 있으며, 이에 따라 건강하고 적절한 옷차림을 주도적으로 실천하려는 태도를 갖는다.","옷의 기능을 이해하고 이를 중심으로 평소 자신의 옷차림에 대해 검토, 평가한다.",옷의 기능을 이해하고 평소 자신의 옷차림에 대해 검토한다.,,161
[6실01-06],초등 5~6학년군,실과,인간 발달과 주도적 삶,"가정일을 수행하는 과정에서 일의 가치와 중요성을 이해하고, 가정생활을 유지하는 데 필요한 가정일의 종류를 탐색한다.","가정일의 가치와 중요성, 가정생활에 미치는 영향을 이해하고 가정생활을 유지하는데 필요한 가정일의 종류를 분석하여 실제 가정일 수행에 참여하는 태도를 갖는다.",가정일의 가치와 중요성을 이해하고 가정생활을 유지하는데 필요한 가정일의 종류를 탐색한다.,가정일의 중요성과 가치를 이해한다.,,161
[6실01-07],초등 5~6학년군,실과,인간 발달과 주도적 삶,"직업의 필요성을 이해하고 적성, 흥미, 성격에 따라 진로 발달 계획을 세우고 주도적으로 탐색한다.","직업과 진로 발달 계획이 필요성을 이해하고 자신의 특성을 스스로 탐색한 후, 이에 따른 자신의 진로 발달계획을 세울 수 있다.",직업과 진로 발달 계획의 필요성을 이해하여 진로 발달계획을 세울 수 있다.,직업의 필요성과 진로 발달 계획이 필요함을 이해한다.,,161
[6실02-01],초등 5~6학년군,실과,생활환경과 지속가능한 선택,"시간이나 용돈과 같은 생활자원이 제한되어 있음을 이해하고, 생활자원의 사용가치를 높이는 방법을 탐색한다.","시간이나 용돈과 같은 생활자원의 중요성과 제한성을 깊이 이해하고, 그에 따라 사용가치를 높이는 방법을 탐색하며 생활자원을 소중하게 여기는 태도를 갖는다.",시간이나 용돈과 같은 생활자원의 중요성과 제한성을 이해하여 생활자원의 사용가치를 높이는 방법을 탐색한다.,시간이나 용돈과 같은 생활자원의 제한성을 알고 생활자원의 사용가치를 확인한다.,,162
[6실02-02],초등 5~6학년군,실과,생활환경과 지속가능한 선택,"생활자원 관리의 필요성을 인식하고, 합리적인 생활자원의 보관과 활용방법을 익힌다.",생활자원 관리의 필요성과 보관 및 활용의 중요성을 이해하여 합리적인 방법으로 생활자원을 보관하고 활용하며 소중하게 여기는 태도를 갖는다.,생활자원 관리의 필요성과 보관 및 활용의 중요성을 이해하여 합리적인 방법으로 생활자원을 보관하고 활용한다.,"생활자원 관리의 필요성을 이해하고, 생활자원의 보관과 활용방법을 확인한다.",,162
[6실02-03],초등 5~6학년군,실과,생활환경과 지속가능한 선택,"생활자원의 올바른 사용이 가정과 환경에 도움이 됨을 이해하고 재활용, 재사용 등 환경을 고려한 관리 방법을 실천한다.","생활자원의 올바른 사용이 가정과 환경에 미치는 영향을 이해하고, 자신의 선택이 공동체의 삶과 환경에 미치는 영향을 고려하여 관리 방법을 실천하며 지속가능한 삶의 태도를 갖는다.",생활자원의 올바른 사용이 가정과 환경에 도움이 되는 것을 이해하고 환경을 고려한 관리 방법을 적용하며 생활자원을 소중하게 여기는 태도를 갖는다.,생활자원의 올바른 사용이 가정과 환경에 도움이 됨을 이해하고 환경을 고려한 관리 방법을 확인한다.,,162
[6실02-04],초등 5~6학년군,실과,생활환경과 지속가능한 선택,식재료 생산과 선택의 중요성을 인식하고 여러 식재료의 고유하고 다양한 맛을 경험하여 자신의 식사에 적용한다.,"식재료의 생산과 선택의 중요성을 이해하고 여러 식재료의 고유하고 다양한 특징을 경험하여 자신의 식사에 적용할 수 있으며, 친환경적인 식생활의 의미를 알고 지속가능한 식생활을 실천하려는 태도를 갖는다.",식재료의 생산과 선택의 중요성을 이해하고 식재료의 다양하고 고유한 맛을 경험하여 자신의 식사에 적용한다.,식재료의 생산과 선택의 중요성을 이해하여 여러 식재료의 다양한 맛을 경험한다.,,162
[6실02-05],초등 5~6학년군,실과,생활환경과 지속가능한 선택,음식의 조리과정을 체험하여 자신의 간식이나 식사를 스스로 마련하는 식생활을 실천한다.,식재료가 조리를 통해 음식이 되는 과정을 이해하고 자신의 간식이나 식사를 간단한 조리를 통해 만들 수 있으며 이후 스스로 조리를 통해 음식을 마련하려는 실천의 태도를 갖는다.,식재료가 조리를 통해 음식이 되는 과정을 이해하고 자신의 간식이나 식사를 간단한 조리를 통해 만들 수 있다.,식재료가 조리를 통해 음식이 되는 과정을 체험을 통해 이해한다.,,163
[6실02-06],초등 5~6학년군,실과,생활환경과 지속가능한 선택,"우리나라 밥상차림을 이해하고, 함께 식사하는 즐거움을 경험하면서 이 과정에서 식사 예절을 실천한다.","우리나라의 밥상차림의 특징을 이해하고, 함께 식사할 때의 즐거움을 경험하며 이 과정에서 식사 예절이 필요함을 인식하고 이를 실천하는 태도를 갖는다.","우리나라 밥상차림의 특징을 이해하고, 함께 식사할 때의 즐거움을 느끼고 식사 예절이 필요함을 인식한다.",우리나라 밥상차림의 특징을 이해하며 함께 식사하는 즐거움을 경험한다.,,163
[6실02-07],초등 5~6학년군,실과,생활환경과 지속가능한 선택,의생활 용품이 만들어지는 과정을 탐색하여 옷이나 생활용품이 어떻게 구성되는지를 설명한다.,일상생활에서 사용하는 의생활 용품이 어떻게 구성되어 만들어 진 것인지 탐색하고 구성의 원리와 제작의 절차를 이해하여 설명한다.,일상생활에서 사용하는 의생활 용품이 만들어지는 과정을 탐색하여 옷이나 생활용품의 구성의 원리를 이해한다.,일상생활의 의생활 용품이 어떤 과정을 통해 만들어지는지 이해한다.,,163
[6실02-08],초등 5~6학년군,실과,생활환경과 지속가능한 선택,다양한 도구와 재료를 활용하여 간단한 생활용품을 만들어 보면서 직접 만들어 쓰는 즐거움과 창의적 태도를 가진다.,"다양한 도구와 재료를 활용하여 간단한 생활용품을 만들 수 있음을 이해하고 구성 원리와 제작 절차에 따라 직접 만들 수 있으며, 이 과정에서 만들어 쓰는 즐거움과 창의적 태도를 갖는다.",다양한 도구와 재료를 활용하여 간단한 생활용품을 만들 수 있음을 이해하고 직접 만드는 과정에서 만들어 쓰는 즐거움을과 창의적 태도를 갖는다.,다양한 도구와 재료를 활용하여 간단한 생활용품을 만들 수 있다.,,163
[6실02-09],초등 5~6학년군,실과,생활환경과 지속가능한 선택,간단한 옷의 수선 등 의생활과 관련된 문제를 스스로 해결하려는 태도를 가진다.,"일상생활 속 의생활과 관련된 문제를 이해하고 문제해결의 필요성을 인식하며, 간단한 수선 등 이를 해결하기 위한 방안을 탐색하여 스스로 해결한다.",일상생활 속 의생활과 관련된 문제를 이해하고 문제해결의 필요성을 인식하여 간단한 수선 등 이를 해결하기 위한 방안을 탐색한다.,일상생활 속 의생활과 관련하여 발생한 문제에 대하여 문제해결의 필요성을 인식한다.,,164
[6실02-10],초등 5~6학년군,실과,생활환경과 지속가능한 선택,"자신의 생활공간을 쾌적하고 위생적으로 관리하는 것의 중요성을 알고, 정리정돈과 청소 및 쓰레기 처리의 방법을 익혀 실천한다.","자신의 생활공간이 쾌적하고 위생적이 되기 위한 관리의 중요성과 필요성을 이해하고 정리정돈, 청소, 쓰레기 처리 등의 관리 방법을 탐색하여 실제 이를 실천하는 태도를 갖는다.","자신의 생활공간이 쾌적하고 위생적이 되기 위한 관리의 중요성과 필요성을 이해하고 정리정돈, 청소, 쓰레기 처리 등의 관리 방법을 탐색한다.",자신의 생활공간이 쾌적하고 위생적이 되도록 생활공간을 관리해야 하는 필요성을 이해한다.,,164
[6실02-11],초등 5~6학년군,실과,생활환경과 지속가능한 선택,생태 지향적 삶을 위해 자신의 의식주 생활에서 할 수 있는 구체적인 행동을 계획하여 실천한다.,자신의 의식주 생활에서 생태지향적인 삶의 필요성과 의미를 이해하여 이를 구체화 할 수 있는 방법을 탐색하고 계획하여 실천하려는 태도를 갖는다.,자신의 의식주 생활에서 생태지향적 삶의 필요성과 의미를 이해하여 이를 구체화 할 수 있는 방법을 탐색한다.,일상생활 속 생태지향적 삶의 필요성과 의미를 이해한다.,,164
[6실03-01],초등 5~6학년군,실과,기술적 문제해결과 혁신,"발명의 의미를 이해하고, 일상생활을 바꾼 발명품을 탐색하여 발명과 기술에 대한 중요성과 가치를 인식한다.",발명의 의미를 이해하고 일상생활을 바꾼 발명품의 문제해결 사례를 탐색하여 발명과 기술의 중요성과 가치를 인식한다.,발명의 의미를 이해하고 일상생활을 바꾼 발명품의 사례를 탐색하여 발명과 기술의 중요성과 가치를 인식한다.,발명의 의미를 이해하고 발명과 기술에 대한 관심과 흥미를 갖는다.,,164
[6실03-02],초등 5~6학년군,실과,기술적 문제해결과 혁신,"발명사고기법과 기술적 문제 해결 과정을 이해하고, 다양한 재료를 활용하여 생활 속 문제를 해결할 수 있는 창의적인 제품을 구상하고 만들어 봄으로써 실천적 태도를 갖는다.",발명사고기법의 의미와 기술적 문제해결 과정을 이해하고 다양한 재료를 활용하여 생활 속 문제를 해결할 수 있는 창의적인 제품을 구상 및 제작하여 생활 문제 해결의 실천적 태도를 갖는다.,발명사고기법의 의미를 이해하고 생활 속 문제를 해결할 수 있는 창의적인 제품을 구상 및 제작하여 생활 문제 해결의 중요성을 인식한다.,발명사고기법의 의미를 이해하고 생활 속 문제를 해결할 수 있는 창의적인 제품을 탐색하여 창의적인 제품 만들기에 대한 관심과 흥미를 갖는다.,,165
[6실03-03],초등 5~6학년군,실과,기술적 문제해결과 혁신,"발명과 특허의 관계를 이해하고, 특허 침해 사례를 통하여 지식재산권의 중요성을 인식하여 올바른 방법으로 활용한다.","발명과 특허의 관계와 지식재산권의 의미를 이해하고, 발명품의 특허 정보를 검색하고 침해 사례를 분석하여 지식재산권 활용의 올바른 태도를 갖는다.",발명과 특허의 관계를 이해하고 발명품의 특허 침해 사례를 조사하여 지식재산권의 중요성을 인식한다.,발명과 특허의 관계를 이해하고 지식재산권에 대한 관심과 흥미를 갖는다.,,165
[6실03-04],초등 5~6학년군,실과,기술적 문제해결과 혁신,수송의 의미와 수송 수단의 발달과정에 대한 이해를 바탕으로 생활 속 다양한 수송 수단을 탐색한다.,수송의 의미와 수송 수단의 발달과정을 이해하고 생활 속에서 이용되는 다양한 수송 수단을 탐색하여 중요성을 인식한다.,수송의 의미를 이해하고 생활 속에서 이용되고 있는 수송 수단을 탐색하여 수송 수단의 중요성을 인식한다.,수송의 의미를 이해하고 생활 속 수송 수단을 탐색한다.,,165
[6실03-05],초등 5~6학년군,실과,기술적 문제해결과 혁신,"수송 수단의 구성 요소를 이해하고, 친환경 에너지를 적용한 다양한 수송 수단의 시제품을 만들어 수송기술의 가치를 인식한다.",수송 수단의 구성 요소를 이해하고 수송 수단의 구성 요소와 친환경 에너지를 적용한 수송 수단을 구상 및 제작함으로써 수송 기술의 가치를 인식한다.,수송 수단의 구성 요소를 이해하고 수송 수단의 구성 요소와 친환경 에너지를 적용한 수송 수단을 구상 및 제작한다.,수송 수단의 구성 요소를 이해하고 수송 수단의 구성 요소를 적용한 수송 수단을 구상 및 제작한다.,,165
[6실04-01],초등 5~6학년군,실과,지속가능한 기술과 융합,"친환경 건설 구조물을 이해하고, 생활 속 건설 구조물을 탐색하여 간단한 구조물을 체험하면서 건설기술에 대한 가치를 인식한다.",친환경 건설 구조물을 이해하고 생활 속 건설 구조물을 탐색하여 간단한 구조물을 체험하면서 건설기술의 개념과 가치에 대해서 인식한다.,생활 속 건설 구조물을 탐색하여 간단한 구조물을 체험하면서 건설기술에 대한 가치를 인식한다.,생활 속 건설 구조물을 탐색하여 간단한 구조물을 체험하면서 건설기술에 대한 관심과 흥미를 갖는다.,,166
[6실04-02],초등 5~6학년군,실과,지속가능한 기술과 융합,"생활 속 디지털 기술의 중요성을 이해하고, 디지털 기기와 디지털 콘텐츠 저작 도구를 사용하여 발표 자료를 만들어 보면서 디지털 기기의 활용 능력을 기른다.",생활 속 디지털 기술의 의미와 중요성을 이해하고 디지털 기기와 디지털 콘텐츠 저작 도구로 발표 자료를 구상 및 제작함으로써 디지털 기술 활용에 대한 실천적 태도를 갖는다.,생활 속 디지털 기술의 의미와 중요성을 이해하고 디지털 기기와 디지털 콘텐츠 저작 도구로 발표 자료를 구상 및 제작함으로써 디지털 기술에 대한 관심과 흥미를 갖는다.,생활 속 디지털 기술의 의미와 중요성을 이해하고 디지털 기술에 대한 관심과 흥미를 갖는다.,,166
[6실04-03],초등 5~6학년군,실과,지속가능한 기술과 융합,"제작한 발표 자료를 사이버 공간에 공유하고, 건전한 정보기기의 활용을 실천한다.",디지털 기기와 디지털 콘텐츠 저작 도구를 사용하여 제작한 발표 자료를 사이버 공간에서 공유하고 올바른 정보윤리 사례 제시를 통해 건전한 정보기기 활용의 실천적 태도를 갖는다.,디지털 기기와 디지털 콘텐츠 저작 도구를 사용하여 제작한 발표 자료를 사이버 공간에서 공유하며 정보윤리의 중요성을 인식한다.,디지털 기기와 디지털 콘텐츠 저작 도구를 사용하여 제작한 발표 자료를 사이버 공간에서 공유한다.,,166
[6실04-04],초등 5~6학년군,실과,지속가능한 기술과 융합,"로봇의 개념과 구조를 이해하고, 생활 속 로봇 기능을 체험하여 로봇의 중요성을 인식한다.",로봇의 개념과 구조를 이해하고 생활 속 로봇 기능을 체험하여 로봇의 중요성과 가치를 인식한다.,로봇의 개념과 구조를 이해하고 생활 속 로봇 기능을 체험한다.,로봇의 개념을 이해하고 생활 속 로봇 기능을 체험한다.,,166
[6실04-05],초등 5~6학년군,실과,지속가능한 기술과 융합,"로봇의 종류와 활용 사례를 통해 작동 원리를 이해하고, 로봇에 대한 관심과 흥미를 가진다.",로봇의 종류와 활용 사례를 통해 로봇의 작동 원리를 이해하고 로봇 활용에 대한 실천적 태도를 갖는다.,로봇의 종류와 활용 사례를 통해 로봇의 작동 원리를 이해하고 로봇에 대한 관심과 흥미를 갖는다.,로봇의 활용 사례를 이해하고 로봇에 대한 관심과 흥미를 갖는다.,,167
[6실04-06],초등 5~6학년군,실과,지속가능한 기술과 융합,"로봇의 융합 기술을 이해하고, 간단한 로봇을 만들어 코딩과 프로그램을 적용하여 동작시키는 체험을 통해 융합 기술의 가치를 인식한다.",로봇의 융합 기술을 이해하고 간단한 로봇을 만들어 코딩과 프로그램을 적용하여 동작시키는 과정의 체험을 통해 융합 기술의 가치를 인식한다.,로봇의 융합 기술을 이해하고 간단한 로봇을 만들어 코딩과 프로그램을 적용하여 동작시키는 과정을 체험한다.,로봇의 융합 기술을 이해하고 간단한 로봇을 만든다.,,167
[6실04-07],초등 5~6학년군,실과,지속가능한 기술과 융합,생활 속 동식물 자원을 활용 목적에 따라 분류하고 이와 관련된 다양한 생명기술을 탐색한다.,생활 속 동식물 자원을 활용 목적에 따라 분류하고 다양한 생명기술을 탐색하여 동식물 자원과 생명기술의 중요성을 인식한다.,생활 속 동식물 자원을 활용 목적에 따라 분류하고 다양한 생명기술을 탐색한다.,생활 속 동식물 자원을 활용 목적에 따라 분류한다.,,167
[6실04-08],초등 5~6학년군,실과,지속가능한 기술과 융합,"생활 속 동식물을 기르고 가꾸는 방법을 알고, 동식물을 기르고 가꾸는 체험을 통해 생태 존중감을 가진다.",생활 속 동식물을 기르고 가꾸는 방법을 이해하고 동식물을 기르고 가꾸는 과정의 체험을 통해 생태 존중감을 갖는다.,생활 속 동식물을 기르고 가꾸는 방법을 이해하고 동식물을 기르고 가꾸는 과정을 체험한다.,생활 속 동식물을 기르고 가꾸는 방법을 이해한다.,,167
[6실04-09],초등 5~6학년군,실과,지속가능한 기술과 융합,동식물 자원의 친환경 농업 사례를 통해 지속가능한 농업이 순환되고 있음을 인식하고 농업의 미래가치를 인식한다.,동식물 자원의 친환경 농업 사례를 통해 지속가능한 농업을 이해하고 동식물과 관련된 생명기술을 탐색함으로써 농업의 순환성 및 미래가치를 인식한다.,동식물 자원의 친환경 농업 사례를 통해 지속가능한 농업을 이해하고 동식물과 관련된 생명기술을 탐색함으로써 농업의 미래가치를 인식한다.,동식물 자원의 친환경 농업 사례를 통해 지속가능한 농업을 이해하고 동식물과 관련된 생명기술을 탐색한다.,,167
[6실04-10],초등 5~6학년군,실과,지속가능한 기술과 융합,생활 속에서 농업활동과 관련된 모습을 분석하고 이에 따른 농업활동을 체험하여 농업에 대한 관심을 두고 이를 생활 속에서 실천한다.,생활 속에서 농업활동과 관련된 모습을 분석하고 이에 따른 농업활동을 체험함으로써 농업에 대한 관심을 두고 농업활동을 생활 속에서 실천한다.,생활 속에서 농업활동과 관련된 모습을 분석하고 이에 따른 농업활동을 체험하여 농업에 대한 관심을 갖는다.,생활 속에서 농업활동과 관련된 모습을 분석하고 농업에 대한 관심을 갖는다.,,168
[6실04-11],초등 5~6학년군,실과,지속가능한 기술과 융합,농업과 농촌의 다원적인 역할과 가치를 이해하고 미래 농업과 관련된 다양한 직업 세계를 탐색한다.,농업과 농촌의 다원적인 역할과 가치를 이해하고 미래 농업과 관련된 다양한 직업 세계를 탐색함으로써 농산업에 대한 올바른 진로관을 갖는다.,농업과 농촌의 다원적인 역할과 가치를 이해하고 미래 농업과 관련된 직업 세계를 탐색함으로써 농산업에 대한 관심을 갖는다.,농업과 농촌의 다원적인 역할과 가치를 이해한다.,,168
[6실05-01],초등 5~6학년군,실과,디지털 사회와 인공지능,컴퓨터를 활용한 생활 속 문제해결 사례를 탐색하고 일상생활 속 문제를 해결하기 위한 알고리즘을 다양한 방법으로 표현한다.,"다양한 사례를 조사하여 컴퓨터의 개념을 이해하고, 생활 속의 문제를 찾아 컴퓨터로 해결 가능한 문제 상황으로 분석하여 문제를 해결하기 위한 알고리즘을 다양한 방법으로 표현한다.","다양한 사례를 조사하여 컴퓨터의 개념을 이해하고, 생활 속의 문제를 찾아 컴퓨터로 해결 가능한 문제 상황으로 분석하여 문제를 해결하기 위한 알고리즘을 표현한다.","다양한 사례를 조사하여 컴퓨터의 개념을 이해하고, 생활 속의 문제를 찾아 컴퓨터로 해결 가능한지를 탐색한다.",,168
[6실05-02],초등 5~6학년군,실과,디지털 사회와 인공지능,"컴퓨터에게 명령하는 방법을 체험하고, 주어진 문제를 해결하는 프로그램을 작성한다.","프로그래밍 과정에서 컴퓨터에게 명령하는 방법을 이해 및 활용하여, 주어진 문제를 해결하는 프로그램을 작성하는 과정에서 변수와 연산자 및 제어 구조를 적절히 활용하고, 컴퓨터를 활용해 해결 가능한 문제를 탐색해 나가려는 실천 의지를 갖는다.","프로그래밍 과정에서 컴퓨터에게 명령하는 방법을 이해 및 활용하여, 주어진 문제를 해결하는 프로그램을 작성하는 과정에서 제어구조를 활용하고, 컴퓨터를 활용해 문제를 해결하는 일의 중요성을 인식한다.","프로그래밍 과정에서 컴퓨터에게 명령하는 방법을 체험하고, 일부 코드를 참고해 주어진 문제를 해결하는 프로그램을 작성하는 과정에서 컴퓨터를 활용해 해결 가능한 문제에 대해 관심 갖는다.",,168
[6실05-03],초등 5~6학년군,실과,디지털 사회와 인공지능,"실생활의 문제를 해결하는 프로그램을 협력하여 작성하고, 산출물을 타인과 공유한다.","실생활 문제를 해결하는 프로그램을 협력하여 창의적으로 작성하고, 산출물을 타인과 공유하려는 실천 의지를 갖는다.","실생활 문제를 해결하는 프로그램을 협력하여 작성하고, 산출물을 타인과 공유하는 것의 가치를 인식한다.",실생활 문제를 해결하는 프로그램을 협력하여 작성한다.,,169
[6실05-04],초등 5~6학년군,실과,디지털 사회와 인공지능,"디지털 데이터와 아날로그 데이터의 특징을 이해하고, 인공지능에 활용할 수 있는 데이터의 유형이나 형태를 탐색한다.",디지털 데이터와 아날로그 데이터의 특징을 이해하고 데이터의 의미를 파악하여 인공지능에서 활용할 수 있는 데이터의 유형과 형태를 찾아 분류한다.,디지털 데이터와 아날로그 데이터의 특징을 이해하고 데이터의 의미를 파악하여 인공지능에서 활용할 수 있는 데이터의 유형과 형태를 파악한다.,디지털 데이터 혹은 아날로그 데이터의 특징을 이해하고 인공지능에서 활용할 수 있는 데이터의 유형이나 형태가 무엇인지 확인한다.,,169
[6실05-05],초등 5~6학년군,실과,디지털 사회와 인공지능,"인공지능이 만들어지는 과정을 체험하고, 인공지능이 사회에 미치는 영향을 탐색한다.","인공지능이 만들어지는 과정을 탐색하여 인공지능의 개념과 원리를 이해하고, 인공지능이 사회 발전과 직업 변화에 미치는 영향을 탐색하려는 실천 의지를 갖는다.","인공지능이 만들어지는 과정을 탐색하여 인공지능의 개념과 원리를 이해하고, 인공지능이 사회에 미치는 영향을 파악하는 자세를 갖는다.",인공지능이 만들어지는 과정을 체험하며 인공지능의 개념을 이해한다.,,169
[6체01-01],초등 5~6학년군,체육,운동,건강 체력과 운동 체력의 의미와 요소를 파악하고 다양한 운동 방법을 탐색한다.,"건강 체력과 운동 체력의 의미와 요소를 명확하게 알고, 건강 체력과 운동 체력의 다양한 운동 방법을 구체적으로 설명할 수 있다.","건강 체력과 운동 체력의 의미와 요소를 대략적으로 알고, 건강 체력과 운동 체력의 다양한 운동 방법을 설명할 수 있다.","건강 체력과 운동 체력의 의미나 요소 중 일부를 대략적으로 알고, 건강 체력이나 운동 체력의 운동 방법을 제시할 수 있다.",,195
[6체01-02],초등 5~6학년군,체육,운동,건강 체력과 운동 체력을 측정하고 자신의 체력 수준에 맞는 운동을 시도한다.,"건강 체력과 운동 체력을 측정하여 자신의 체력 수준을 명확하게 알고, 자신의 체력 수준에 맞는 다양한 운동을 꾸준히 시도할 수 있다.","건강 체력과 운동 체력을 측정하여 자신의 체력 수준을 대략적으로 알고, 자신의 체력 수준에 맞는 일부 운동을 꾸준히 시도할 수 있다.",건강 체력과 운동 체력을 측정하여 자신의 체력 수준에 맞는 운동을 간헐적으로 시도할 수 있다.,,195
[6체01-03],초등 5~6학년군,체육,운동,성장 발달의 의미와 특성을 이해하고 운동과의 관계를 파악한다.,"성장 발달의 의미와 특성을 명확하게 알고, 운동이 성장 발달에 미치는 영향을 신체적·정서적·사회적 관점에서 예를 들어 구체적으로 설명할 수 있다.","성장 발달의 의미와 특성을 대략적으로 알고, 운동이 성장 발달에 미치는 영향을 신체적·정서적·사회적 관점 중 일부 관점에서 예를 들어 설명할 수 있다.","성장 발달의 의미를 대략적으로 알고, 운동이 성장 발달에 미치는 영향을 신체적·정서적·사회적 관점 중 일부 관점에서 제시할 수 있다.",,195
[6체01-04],초등 5~6학년군,체육,운동,"운동 및 생활 속 위험 상황, 성장 발달을 저해하는 생활 방식의 문제점을 파악하고 예방 및 대처 방법을 익혀 안전하게 활동한다.","운동 및 생활 속 위험 상황과 성장 발달을 저해하는 생활 방식의 문제점을 명확하게 알고, 예방 및 대처 방법을 종합적으로 익혀 안전하게 활동할 수 있다.","운동 및 생활 속 위험 상황과 성장 발달을 저해하는 생활 방식의 문제점을 대략적으로 알고, 예방 및 대처 방법을 부분적으로 익혀 안전하게 활동할 수 있다.","운동 및 생활 속 위험 상황이나 성장 발달을 저해하는 생활 방식의 문제점 중 일부를 대략적으로 알고, 예방 및 대처 방법을 부분적으로 따라 활동할 수 있다.",,195
[6체01-05],초등 5~6학년군,체육,운동,체력 운동을 끈기 있게 규칙적으로 수행한다.,체력 증진을 저해하는 개인적 조건과 환경적 조건 모두를 고려하여 전반적으로 극복하며 체력 운동을 끈기 있게 규칙적으로 수행할 수 있다.,체력 증진을 저해하는 개인적 조건과 환경적 조건 모두를 고려하며 체력 운동을 끈기 있게 규칙적으로 수행할 수 있다.,체력 증진을 저해하는 개인적 조건이나 환경적 조건 중 일부를 고려하며 체력 운동을 간헐적으로 수행할 수 있다.,,196
[6체01-06],초등 5~6학년군,체육,운동,"성장과 발달 과정에서 나타나는 신체적, 정서적, 사회적 특성과 차이를 공감하고 위험 상황에 침착하게 대처한다.",성장과 발달 과정에서 나타나는 특성과 차이를 신체적·정서적·사회적 관점 모두에서 전반적으로 공감할 수 있으며 위험 상황에 침착하게 대처할 수 있다.,성장과 발달 과정에서 나타나는 특성과 차이를 신체적·정서적·사회적 관점 모두에서 부분적으로 공감할 수 있으며 위험 상황에 대처할 수 있다.,성장과 발달 과정에서 나타나는 특성과 차이를 신체적·정서적·사회적 관점 중 일부 관점에서 부분적으로 공감할 수 있으며 위험 상황을 인지할 수 있다.,,196
[6체02-01],초등 5~6학년군,체육,스포츠,기술형 스포츠의 의미와 유형을 파악한다.,"기술형 스포츠의 의미와 유형을 명확하게 알고, 기록형·동작형·투기형 스포츠 각각의 특성을 예를 들어 구체적으로 설명할 수 있다.","기술형 스포츠의 의미와 유형을 대략적으로 알고, 기록형·동작형·투기형 스포츠 각각의 특성을 설명할 수 있다.","기술형 스포츠의 의미를 대략적으로 알고, 기록형·동작형·투기형 스포츠의 종류를 구별할 수 있다.",,196
[6체02-02],초등 5~6학년군,체육,스포츠,기술형 스포츠 유형별로 기본 움직임 기술을 응용한 기본 기능을 파악하고 수행한다.,기술형 스포츠에서 기본 움직임 기술을 응용한 여러 가지 기본 기능을 다양한 게임 상황에서 효율적으로 수행할 수 있다.,기술형 스포츠에서 기본 움직임 기술을 응용한 일부 기본 기능을 다양한 게임 상황에서 수행할 수 있다.,기술형 스포츠에서 기본 움직임 기술을 응용한 일부 기본 기능을 게임 상황에서 부분적으로 수행할 수 있다.,,196
[6체02-03],초등 5~6학년군,체육,스포츠,기술형 스포츠 유형별 활동 방법을 파악하고 기본 전략을 게임 활동에서 수행한다.,"기술형 스포츠를 변형한 게임 활동의 경기 방법을 명확히 파악하고, 다양한 게임 활동에서 여러 가지 기본 전략을 수행할 수 있다.","기술형 스포츠를 변형한 게임 활동의 경기 방법을 대략적으로 파악하고, 다양한 게임 활동에서 일부 기본 전략을 수행할 수 있다.","기술형 스포츠를 변형한 게임 활동의 경기 방법 중 일부를 대략적으로 파악하고, 게임 활동에서 일부 기본 전략을 부분적으로 수행할 수 있다.",,196
[6체02-04],초등 5~6학년군,체육,스포츠,전략형 스포츠의 의미와 유형을 파악한다.,"전략형 스포츠의 의미와 유형을 명확하게 알고, 영역형·필드형·네트형 스포츠 각각의 특성을 예를 들어 구체적으로 설명할 수 있다.","전략형 스포츠의 의미와 유형을 대략적으로 알고, 영역형·필드형·네트형 스포츠 각각의 특성을 설명할 수 있다.","전략형 스포츠의 의미를 대략적으로 알고, 영역형·필드형·네트형 스포츠의 종류를 구별할 수 있다.",,197
[6체02-05],초등 5~6학년군,체육,스포츠,전략형 스포츠 유형별로 기본 움직임 기술을 응용한 기본 기능을 파악하고 수행한다.,전략형 스포츠에서 기본 움직임 기술을 응용한 여러 가지 기본 기능을 다양한 게임 상황에서 효율적으로 수행할 수 있다.,전략형 스포츠에서 기본 움직임 기술을 응용한 일부 기본 기능을 다양한 게임 상황에서 수행할 수 있다.,전략형 스포츠에서 기본 움직임 기술을 응용한 일부 기본 기능을 게임 상황에서 부분적으로 수행할 수 있다.,,197
[6체02-06],초등 5~6학년군,체육,스포츠,전략형 스포츠 유형별 활동 방법을 파악하고 기본 전략을 게임 활동에서 수행한다.,"전략형 스포츠를 변형한 게임이나 뉴스포츠 수준의 활동 방법을 명확히 파악하고, 다양한 게임 활동에서 여러 가지 기본 전략을 수행할 수 있다.","전략형 스포츠를 변형한 게임이나 뉴스포츠 수준의 활동 방법을 대략적으로 파악하고, 다양한 게임 활동에서 일부 기본 전략을 수행할 수 있다.","전략형 스포츠를 변형한 게임이나 뉴스포츠 수준의 활동 방법 중 일부를 대략적으로 파악하고, 게임 활동에서 일부 기본 전략을 부분적으로 수행할 수 있다.",,197
[6체02-07],초등 5~6학년군,체육,스포츠,생태형 스포츠의 의미와 유형을 파악한다.,"생태형 스포츠의 의미와 유형을 명확하게 알고, 생활환경형·자연환경형 스포츠 각각의 특성을 예를 들어 구체적으로 설명할 수 있다.","생태형 스포츠의 의미와 유형을 대략적으로 알고, 생활환경형·자연환경형 스포츠 각각의 특성을 설명할 수 있다.","생태형 스포츠의 의미를 대략적으로 알고, 생활환경형·자연환경형 스포츠의 종류를 구별할 수 있다.",,197
[6체02-08],초등 5~6학년군,체육,스포츠,생태형 스포츠 유형별로 기본 움직임 기술을 응용한 기본 기능을 파악하고 수행한다.,생태형 스포츠에서 기본 움직임 기술을 응용한 여러 가지 기본 기능을 다양한 활동 상황에 맞게 효과적으로 수행할 수 있다.,생태형 스포츠에서 기본 움직임 기술을 응용한 일부 기본 기능을 다양한 활동 상황에서 수행할 수 있다.,생태형 스포츠에서 기본 움직임 기술을 응용한 일부 기본 기능을 활동 상황에서 부분적으로 수행할 수 있다.,,197
[6체02-09],초등 5~6학년군,체육,스포츠,생태형 스포츠 유형별 활동 방법을 파악하고 기본 전략을 게임 활동에서 수행한다.,"생태형 스포츠를 변형한 게임이나 뉴스포츠 수준의 활동 방법을 명확히 파악하고, 다양한 활동 상황에서 여러 가지 기본 전략을 수행할 수 있다.","생태형 스포츠를 변형한 게임이나 뉴스포츠 수준의 활동 방법을 대략적으로 파악하고, 다양한 활동 상황에서 일부 기본 전략을 수행할 수 있다.","생태형 스포츠를 변형한 게임이나 뉴스포츠 수준의 활동 방법을 대략적으로 파악하고, 활동 상황에서 일부 기본 전략을 부분적으로 수행할 수 있다.",,198
[6체02-10],초등 5~6학년군,체육,스포츠,스포츠 활동에 참여하며 목표를 달성하기 위한 의지를 실천하고 상대의 기술을 인정한다.,"스스로 설정한 목표를 달성하기 위한 의지를 실천하며 스포츠 활동에 참여하고, 상대의 기술을 인정하는 태도를 갖고 이를 스포츠 활동에서 적극적으로 실천할 수 있다.","목표를 달성하기 위한 의지를 실천하며 스포츠 활동에 참여하고, 상대의 기술을 인정하는 태도를 갖고 이를 스포츠 활동에서 실천할 수 있다.","목표를 달성하기 위한 의지를 일부 실천하며 스포츠 활동에 참여하고, 상대의 기술을 인정하는 태도를 갖고 이를 스포츠 활동에서 실천하기 위해 노력할 수 있다.",,198
[6체02-11],초등 5~6학년군,체육,스포츠,스포츠 활동에 참여하며 팀원과 협력하고 구성원을 배려한다.,다양한 스포츠 활동에서 최선을 다하고 팀원과 협력하며 구성원 전체를 적극적으로 배려할 수 있다.,일부 스포츠 활동에서 최선을 다하고 팀원과 협력하며 구성원을 배려할 수 있다.,일부 스포츠 활동에 열심히 참여하고 팀원과 부분적으로 협력하며 구성원을 배려하기 위해 노력할 수 있다.,,198
[6체02-12],초등 5~6학년군,체육,스포츠,스포츠 활동에 참여하며 환경을 아끼고 감사하는 태도를 실천한다.,다양한 스포츠 활동 중 환경을 아끼고 스포츠 환경에 감사하는 태도를 가지며 이를 자기 주도적으로 실천할 수 있다.,일부 스포츠 활동 중 환경을 아끼고 스포츠 환경에 감사하는 태도를 가지며 이를 실천할 수 있다.,일부 스포츠 활동 중 환경을 아끼고 스포츠 환경에 감사하는 태도를 가지며 이를 실천하기 위해 노력할 수 있다.,,198
[6체03-01],초등 5~6학년군,체육,표현,표현 활동의 의미와 유형을 파악한다.,"표현 활동의 의미와 유형을 명확하게 알고, 움직임의 방식에 따른 스포츠 표현·전통 표현·현대 표현의 유형을 예를 들어 구체적으로 설명할 수 있다.","표현 활동의 의미와 유형을 대략적으로 알고, 움직임의 방식에 따른 스포츠 표현·전통 표현·현대 표현의 유형을 설명할 수 있다.","표현 활동의 의미를 대략적으로 알고, 움직임의 방식에 따른 스포츠 표현·전통 표현·현대 표현의 유형을 구별할 수 있다.",,198
[6체03-02],초등 5~6학년군,체육,표현,스포츠 표현에서 움직임 기술을 응용한 기본 동작을 파악하고 표현한다.,"스포츠 표현에서 움직임 기술을 응용한 여러 가지 기본 동작을 명확하게 파악하고, 다양한 동작을 활용해 주제에 맞춰 아름답게 표현할 수 있다.","스포츠 표현에서 움직임 기술을 응용한 여러 가지 기본 동작을 대략적으로 파악하고, 일부 기본 동작을 활용해 주제에 맞춰 표현할 수 있다.","스포츠 표현에서 움직임 기술을 응용한 간단한 기본 동작을 대략적으로 파악하고, 일부 기본 동작을 활용해 표현할 수 있다.",,199
[6체03-03],초등 5~6학년군,체육,표현,스포츠 표현의 기본 동작을 다양하게 구성하여 발표하고 감상한다.,"스포츠 표현의 기본 동작을 다양하고 창의적으로 구성하여 작품을 발표하고, 작품의 아름다움을 명확하게 이해하고 느끼며 감상할 수 있다.","스포츠 표현의 기본 동작으로 작품을 구성하여 발표하고, 작품의 아름다움을 대략적으로 이해하고 느끼며 감상할 수 있다.","스포츠 표현의 일부 기본 동작으로 작품을 간략하게 구성하여 발표하고, 작품의 아름다움을 대략적으로 느끼며 감상할 수 있다.",,199
[6체03-04],초등 5~6학년군,체육,표현,전통 표현에서 움직임 기술을 응용한 기본 동작을 파악하고 표현한다.,"전통 표현에서 움직임 기술을 응용한 여러 가지 기본 동작을 명확하게 파악하고, 다양한 기본 동작을 활용해 음악에 맞춰 문화적 특색이 드러나도록 표현할 수 있다.","전통 표현에서 움직임 기술을 응용한 여러 가지 기본 동작을 대략적으로 파악하고, 일부 기본 동작을 활용해 음악에 맞춰 문화적 특색이 드러나도록 표현할 수 있다.","전통 표현에서 움직임 기술을 응용한 간단한 기본 동작을 대략적으로 파악하고, 일부 기본 동작을 활용해 표현할 수 있다.",,199
[6체03-05],초등 5~6학년군,체육,표현,전통 표현의 기본 동작을 다양하게 구성하여 발표하고 감상한다.,"전통 표현의 기본 동작을 다양하게 구성하여 문화적 특색이 드러나게 작품을 발표하고, 작품의 전통적 의미를 명확하게 이해하며 감상할 수 있다.","전통 표현의 기본 동작으로 작품을 구성하여 발표하고, 작품의 전통적 의미를 대략적으로 이해하며 감상할 수 있다.","전통 표현의 일부 기본 동작으로 작품을 간략하게 구성하여 발표하고, 작품의 전통적 의미 일부를 대략적으로 이해하며 감상할 수 있다.",,199
[6체03-06],초등 5~6학년군,체육,표현,현대 표현에서 움직임 기술을 응용한 기본 동작을 파악하고 표현한다.,"현대 표현에서 움직임 기술을 응용한 여러 가지 기본 동작을 명확하게 파악하고, 다양한 기본 동작을 활용해 자유로움의 특성이 드러나도록 주제에 맞춰 창의적으로 표현할 수 있다.","현대 표현에서 움직임 기술을 응용한 여러 가지 기본 동작을 대략적으로 파악하고, 일부 기본 동작을 활용해 자유로움의 특성이 드러나도록 주제에 맞춰 표현할 수 있다.","현대 표현에서 움직임 기술을 응용한 간단한 기본 동작을 대략적으로 파악하고, 일부 기본 동작을 활용해 표현할 수 있다.",,199
[6체03-07],초등 5~6학년군,체육,표현,현대 표현의 기본 동작을 다양하게 구성하여 발표하고 감상한다.,"현대 표현의 기본 동작을 다양하고 창의적으로 구성하여 작품을 발표하고, 작품의 주제를 명확하게 이해하며 감상할 수 있다.","현대 표현의 기본 동작으로 작품을 구성하여 발표하고, 작품의 주제를 대략적으로 이해하며 감상할 수 있다.","현대 표현의 일부 기본 동작으로 작품을 간략하게 구성하여 발표하고, 작품의 주제 일부를 대략적으로 이해하며 감상할 수 있다.",,200
[6체03-08],초등 5~6학년군,체육,표현,"다양한 표현 활동 유형을 수용하고, 움직임 표현의 아름다움을 추구한다.","다양한 표현 활동의 유형을 긍정적으로 수용하고, 움직임을 창의적이고 아름답게 표현하고자 하는 태도를 가지며 이를 적극적으로 실천할 수 있다.","일부 표현 활동의 유형을 긍정적으로 수용하고, 움직임을 아름답게 표현하고자 하는 태도를 가지며 이를 실천할 수 있다.","일부 표현 활동의 유형을 수용하고, 움직임을 아름답게 표현하고자 하는 태도를 가지며 이를 실천하기 위해 노력할 수 있다.",,200
[6음01-01],초등 5~6학년군,음악,연주,바른 주법과 표현 기법을 익혀 노래나 악기로 느낌을 담아 연주한다.,바른 주법과 표현 기법을 충분히 이해하여 노래나 악기로 느낌을 담아 자연스럽게 연주한다.,바른 주법과 표현 기법을 이해하여 노래나 악기로 느낌을 담아 연주한다.,바른 주법과 표현 기법을 부분적으로 이해하여 노래나 악기로 연주하려고 노력한다.,,209
[6음01-02],초등 5~6학년군,음악,연주,음악 요소를 살려 노래나 악기로 발표하고 과정을 돌아본다.,음악 요소를 충분히 이해하여 그 특징을 전체적으로 살려 노래나 악기로 발표하고 연주 활동 과정에 대해 글이나 말로 구체적으로 표현한다.,음악 요소를 이해하여 그 특징을 살려 노래나 악기로 발표하고 연주 활동 과정에 대해 글이나 말로 표현한다.,음악 요소를 부분적으로 이해하여 그 특징을 일부 살려 노래나 악기로 발표하고 연주 활동에 대해 글이나 말로 표현하려고 노력한다.,,209
[6음01-03],초등 5~6학년군,음악,연주,소리의 어울림을 생각하며 다양한 방법으로 함께 표현한다.,소리의 어울림을 충분히 이해하고 다양한 방법을 적절히 활용하여 함께 표현한다.,소리의 어울림을 이해하고 다양한 방법을 활용하여 함께 표현한다.,소리의 어울림을 알고 함께 표현하려고 노력한다.,,209
[6음01-04],초등 5~6학년군,음악,연주,간단한 형태의 연주를 준비하여 생활 속 음악 활동에 참여한다.,간단한 형태의 연주를 충분히 이해하여 생활 속 음악 활동을 주도적으로 준비하고 발표에 적극적으로 참여한다.,간단한 형태의 연주를 이해하여 생활 속 음악 활동을 준비하고 발표에 참여한다.,간단한 형태의 연주를 부분적으로 이해하여 생활 속 음악 활동 준비 과정과 발표에 참여하려고 노력한다.,,209
[6음02-01],초등 5~6학년군,음악,감상,음악을 듣고 음악의 요소를 감지하며 구별한다.,음악을 듣고 악곡에 나타난 음악의 여러 요소를 감지하여 전체적으로 정확하게 구별하며 표현한다.,음악을 듣고 악곡에 나타난 음악의 요소를 감지하여 정확하게 구별하며 표현한다.,음악을 듣고 악곡에 나타난 음악의 요소를 부분적으로 감지하여 일부 구별하며 표현한다.,,210
[6음02-02],초등 5~6학년군,음악,감상,다양한 문화권의 음악을 듣고 음악적 특징과 음악의 간단한 구성을 인식한다.,다양한 문화권의 음악을 듣고 문화권에 따른 음악적 특징과 간단한 구성을 종합적으로 인식하여 표현한다.,다양한 문화권의 음악을 듣고 문화권에 따른 음악적 특징과 간단한 구성을 인식하여 표현한다.,다양한 문화권의 음악을 듣고 문화권에 따른 음악적 특징과 간단한 구성을 부분적으로 인식하여 표현하려고 노력한다.,,210
[6음02-03],초등 5~6학년군,음악,감상,다양한 종류의 음악을 듣고 음악의 배경과 활용을 설명한다.,다양한 종류의 음악을 듣고 음악의 배경과 활용을 탐색하여 구체적으로 설명한다.,다양한 종류의 음악을 듣고 음악의 배경과 활용을 탐색하여 설명한다.,다양한 종류의 음악을 듣고 음악의 배경과 활용을 탐색하여 부분적으로 설명한다.,,210
[6음02-04],초등 5~6학년군,음악,감상,생활 속에서 음악을 찾아 들으며 아름다움을 느끼고 공감한다.,생활 속에서 다양한 음악을 적극적으로 찾아 듣고 음악의 아름다움을 느끼고 충분히 공감하여 여러 방식으로 표현한다.,생활 속에서 음악을 찾아 듣고 음악의 아름다움을 느끼고 공감하여 표현한다.,생활 속에서 음악을 듣고 음악의 아름다움을 느끼고 공감하려고 노력한다.,,210
[6음02-05],초등 5~6학년군,음악,감상,우리나라 음악 문화유산을 찾아 듣고 국악의 가치를 인식한다.,우리나라 음악 문화유산을 적극적으로 찾아 듣고 음악 문화유산을 충분히 이해하여 국악의 음악적‧문화적 가치를 종합적으로 인식한다.,우리나라 음악 문화유산을 찾아 듣고 음악 문화유산을 이해하여 국악의 음악적‧문화적 가치를 인식한다.,우리나라 음악 문화유산을 듣고 음악 문화유산을 부분적으로 이해하여 국악의 음악적‧문화적 가치를 일부 인식한다.,,210
[6음03-01],초등 5~6학년군,음악,창작,느낌과 아이디어를 떠올려 여러 매체나 방법으로 자신감 있게 표현한다.,표현하고자 하는 느낌과 아이디어를 구체적으로 떠올리고 음악적으로 표현할 수 있는 여러 매체나 방법을 적절하게 활용하여 자신감 있게 표현한다.,표현하고자 하는 느낌과 아이디어를 떠올리고 음악적으로 표현할 수 있는 여러 매체나 방법을 활용하여 자신감 있게 표현한다.,표현하고자 하는 느낌과 아이디어를 떠올리고 음악적으로 표현할 수 있는 매체나 방법을 일부 활용하여 자신감 있게 표현하려고 노력한다.,,211
[6음03-02],초등 5~6학년군,음악,창작,기초적인 기보를 활용하여 간단한 조건에 따라 악곡의 일부를 바꾼다.,기초적인 기보를 적절하게 활용하여 주어진 간단한 조건을 지켜 악곡의 일부를 바꾼다.,기초적인 기보를 활용하여 주어진 간단한 조건을 지켜 악곡의 일부를 바꾼다.,기초적인 기보를 일부 활용하고 주어진 간단한 조건을 부분적으로 지켜 악곡의 일부를 바꾼다.,,211
[6음03-03],초등 5~6학년군,음악,창작,음악의 요소를 활용하여 간단한 음악을 만든다.,음악의 요소를 적절하게 활용하여 음악 요소의 특징이 잘 나타나도록 간단한 음악을 창의적으로 만든다.,음악의 요소를 활용하여 음악 요소의 특징이 나타나도록 간단한 음악을 만든다.,음악의 요소를 활용하여 간단한 음악을 만들려고 노력한다.,,211
[6음03-04],초등 5~6학년군,음악,창작,생활 주변 상황이나 이야기를 활용하여 음악을 만들며 열린 태도를 갖는다.,생활 주변의 상황이나 이야기를 소재로 내용에 어울리는 음악을 만들며 음악에 대해 열린 태도를 적극적으로 갖는다.,생활 주변의 상황이나 이야기를 소재로 음악을 만들며 음악에 대해 열린 태도를 갖는다.,생활 주변의 상황이나 이야기를 소재로 음악 만들기에 참여하며 음악에 대해 열린 태도를 가지려고 노력한다.,,211
[6미01-01],초등 5~6학년군,미술,미적 체험,다양한 감각과 매체를 활용하여 자신과 대상을 탐색할 수 있다.,다양한 감각과 매체의 역할을 이해하고 적절하게 활용하여 자신과 대상을 적극적으로 탐색할 수 있다.,다양한 감각과 매체의 역할을 발견하고 활용하여 자신과 대상을 탐색할 수 있다.,다양한 감각과 매체를 일부 활용하여 자신과 대상을 부분적으로 탐색할 수 있다.,,222
[6미01-02],초등 5~6학년군,미술,미적 체험,"자신이나 주변 환경에서 찾은 감각적 특징, 느낌, 생각 등을 관련지어 나타낼 수 있다.","자신이나 주변 환경에서 찾은 감각적 특징, 느낌, 생각 등의 관계를 파악하고 다양한 방식으로 관련지어 나타낼 수 있다.","자신이나 주변 환경에서 찾은 감각적 특징, 느낌, 생각 등을 파악하고 관련지어 나타낼 수 있다.","자신이나 주변 환경에서 찾은 감각적 특징, 느낌, 생각 등을 나타낼 수 있다.",,222
[6미01-03],초등 5~6학년군,미술,미적 체험,주변 환경에 대한 민감한 태도로 대상과 상호 작용하며 새로운 의미를 발견할 수 있다.,주변 환경에 대한 민감한 태도로 대상과 적극적으로 상호 작용하며 새로운 의미를 발견하여 설명할 수 있다.,주변 환경에 대한 민감한 태도로 대상과 상호 작용하며 새로운 의미를 발견할 수 있다.,주변 환경에 관심을 보이며 대상과 상호 작용하여 의미를 발견하는 데 참여할 수 있다.,,222
[6미01-04],초등 5~6학년군,미술,미적 체험,이미지가 나타내는 의미를 비판적으로 이해하고 느낌과 생각을 전달하는 데 활용할 수 있다.,이미지가 나타내는 의미를 비판적으로 이해하고 해석하며 자신의 느낌과 생각을 전달하는 데 적절하게 활용할 수 있다.,이미지가 나타내는 의미를 비판적으로 이해하고 자신의 느낌과 생각을 전달하는 데 활용할 수 있다.,이미지가 나타내는 의미를 일부 이해하고 자신의 느낌과 생각을 전달하는 데 제한적으로 활용할 수 있다.,,222
[6미02-01],초등 5~6학년군,미술,표현,다양한 방법으로 아이디어를 연결하여 확장된 표현 주제로 발전시킬 수 있다.,다양한 방법으로 아이디어를 연결하여 확장된 표현 주제로 구체화하여 발전시킬 수 있다.,다양한 방법으로 아이디어를 연결하여 확장된 표현 주제로 발전시킬 수 있다.,다양한 방법으로 아이디어를 떠올려 표현 주제로 나타낼 수 있다.,,223
[6미02-02],초등 5~6학년군,미술,표현,디지털 매체 등 다양한 표현 재료와 용구를 탐색하여 작품 제작에 활용할 수 있다.,디지털 매체 등 다양한 표현 재료와 용구를 탐색하여 특성을 이해하고 작품 제작에 적절하게 활용할 수 있다.,디지털 매체 등 다양한 표현 재료와 용구를 탐색하여 작품 제작에 활용할 수 있다.,디지털 매체 등 다양한 표현 재료와 용구를 작품 제작에 부분적으로 활용할 수 있다.,,223
[6미02-03],초등 5~6학년군,미술,표현,조형 요소의 어울림을 통해 조형 원리를 이해하고 주제 표현에 연결할 수 있다.,조형 요소의 어울림을 통해 다양한 조형 원리를 이해하고 조형 요소와 조형 원리를 주제 표현에 적합하게 연결할 수 있다.,조형 요소의 어울림을 통해 조형 원리를 이해하고 주제 표현에 연결할 수 있다.,조형 요소와 조형 원리를 알고 주제 표현에 부분적으로 연결할 수 있다.,,223
[6미02-04],초등 5~6학년군,미술,표현,주제 표현에 의지를 갖고 표현 과정을 돌아보며 작품을 발전시킬 수 있다.,주제 표현에 적극적인 의지를 갖고 표현의 전 과정을 지속적으로 돌아보며 작품을 발전시킬 수 있다.,주제 표현에 의지를 갖고 표현 과정을 돌아보며 작품을 발전시킬 수 있다.,주제 표현에 관심을 갖고 표현 과정을 돌아보며 작품을 제작할 수 있다.,,223
[6미02-05],초등 5~6학년군,미술,표현,미술과 타 교과의 내용과 방법을 융합하는 활동을 자유롭게 시도할 수 있다.,미술과 타 교과의 내용과 방법을 다양하게 융합하는 활동을 자유롭게 시도할 수 있다.,미술과 타 교과의 내용과 방법을 융합하는 활동을 자유롭게 시도할 수 있다.,미술과 타 교과의 내용과 방법을 융합하는 활동을 부분적으로 시도할 수 있다.,,223
[6미03-01],초등 5~6학년군,미술,감상,"미술 작품을 작품이 만들어진 시대적, 지역적 배경 등과 연결하여 이해할 수 있다.","미술 작품을 작품이 만들어진 시대적, 지역적 배경 등과 연결하여 폭넓게 이해할 수 있다.","미술 작품을 작품이 만들어진 시대적, 지역적 배경 등과 연결하여 이해할 수 있다.","미술 작품을 작품이 만들어진 시대적, 지역적 배경 등과 연결하여 부분적으로 이해할 수 있다.",,224
[6미03-02],초등 5~6학년군,미술,감상,"미술 작품의 내용(소재, 주제 등)과 형식(재료와 용구, 표현 방법, 조형 요소와 원리 등)을 분석하여 작품의 특징을 설명할 수 있다.","미술 작품의 내용(소재, 주제 등)과 형식(재료와 용구, 표현 방법, 조형 요소와 원리 등)을 다양한 방법으로 분석하여 이해하고 작품의 특징을 구체적으로 설명할 수 있다.","미술 작품의 내용(소재, 주제 등)과 형식(재료와 용구, 표현 방법, 조형 요소와 원리 등)을 분석하여 작품의 특징을 설명할 수 있다.","미술 작품의 내용(소재, 주제 등)과 형식(재료와 용구, 표현 방법, 조형 요소와 원리 등)을 고려하여 작품의 특징을 부분적으로 설명할 수 있다.",,224
[6미03-03],초등 5~6학년군,미술,감상,공동체의 미술 문화 활동에 관심을 가지고 참여하며 경험을 공유할 수 있다.,공동체의 미술 문화 활동에 폭넓은 관심을 가지고 적극적으로 참여하며 다양한 방법으로 경험을 공유할 수 있다.,공동체의 미술 문화 활동에 관심을 가지고 참여하며 경험을 공유할 수 있다.,공동체의 미술 문화 활동에 관심을 가지고 참여할 수 있다.,,224
[6미03-04],초등 5~6학년군,미술,감상,다양한 방법을 활용하여 작품을 감상하며 작품에 관한 서로 다른 관점을 존중할 수 있다.,"다양한 방법을 활용하여 작품을 주도적으로 감상하며, 작품에 관한 서로 다른 관점을 발견하고 존중할 수 있다.",다양한 방법을 활용하여 작품을 감상하며 작품에 관한 서로 다른 관점을 존중할 수 있다.,일부 방법을 활용하여 작품을 감상하며 작품에 관한 서로 다른 관점에 관심을 가질 수 있다.,,224
[6영01-01],초등 5~6학년군,영어,이해,"간단한 단어, 어구, 문장을 듣고 강세, 리듬, 억양을 식별한다.","간단한 단어, 어구, 문장을 듣고 강세, 리듬, 억양을 듣고 정확하게 식별할 수 있다.","간단한 단어, 어구, 문장을 듣고 강세, 리듬, 억양을 듣고 대체로 식별할 수 있다.","간단하고 짧은 단어, 어구, 문장을 반복하여 듣고 강세, 리듬, 억양을 부분적으로 식별할 수 있다.",,240
[6영01-02],초등 5~6학년군,영어,이해,"간단한 단어, 어구, 문장을 강세, 리듬, 억양에 맞게 소리 내어 읽는다.","간단한 단어, 어구, 문장을 강세, 리듬, 억양에 맞게 정확하게 소리 내어 읽을 수 있다.","간단한 단어, 어구, 문장을 강세, 리듬, 억양에 맞게 대체로 소리 내어 읽을 수 있다.","간단하고 짧은 단어, 어구, 문장을 강세, 리듬, 억양에 맞게 부분적으로 소리 내어 읽을 수 있다.",,240
[6영01-03],초등 5~6학년군,영어,이해,"간단한 단어, 어구, 문장의 의미를 이해한다.","간단한 단어, 어구, 문장을 듣거나 읽고 의미를 정확하게 이해할 수 있다.","간단한 단어, 어구, 문장을 듣거나 읽고 의미를 대체로 이해할 수 있다.","간단하고 짧은 단어, 어구, 문장을 반복하여 듣거나 읽고, 주어진 도움 자료를 참고하여 듣거나 읽으며 의미를 부분적으로 이해할 수 있다.",,240
[6영01-04],초등 5~6학년군,영어,이해,일상생활 주제에 관한 담화나 글의 세부 정보를 파악한다.,일상생활 주제에 관한 간단한 담화나 글을 듣거나 읽고 세부 정보를 정확하게 파악할 수 있다.,일상생활 주제에 관한 간단한 담화나 글을 듣거나 읽고 세부 정보를 대체로 파악할 수 있다.,"일상생활 주제에 관한 간단한 담화나 글을 반복하여 듣거나 읽고, 주어진 도움 자료를 참고하여 듣거나 읽으며 세부 정보를 부분적으로 파악할 수 있다.",,240
[6영01-05],초등 5~6학년군,영어,이해,일상생활 주제에 관한 담화나 글의 중심 내용을 파악한다.,일상생활 주제에 관한 간단한 담화나 글을 듣거나 읽고 중심 내용을 정확하게 파악할 수 있다.,일상생활 주제에 관한 간단한 담화나 글을 듣거나 읽고 중심 내용을 대체로 파악할 수 있다.,"일상생활 주제에 관한 간단한 담화나 글을 반복하여 듣거나 읽고, 주어진 도움 자료를 참고하여 중심 내용을 부분적으로 파악할 수 있다.",,240
[6영01-06],초등 5~6학년군,영어,이해,일상생활 주제에 관한 담화나 글에서 일이나 사건의 순서를 파악한다.,일상생활 주제에 관한 간단한 담화나 글을 듣거나 읽고 일이나 사건의 순서를 정확하게 파악할 수 있다.,일상생활 주제에 관한 간단한 담화나 글을 듣거나 읽고 일이나 사건의 순서를 대체로 파악할 수 있다.,"일상생활 주제에 관한 간단한 담화나 글을 반복하여 듣거나 읽고, 주어진 도움 자료를 참고하여 일이나 사건의 순서를 부분적으로 파악할 수 있다.",,241
[6영01-07],초등 5~6학년군,영어,이해,적절한 전략을 활용하여 일상생활 주제에 관한 담화나 글을 듣거나 읽는다.,적절한 전략을 다양하게 활용하여 일상생활 주제에 관한 간단한 담화나 글을 듣거나 읽을 수 있다.,적절한 전략을 일부 활용하여 일상생활 주제에 관한 간단한 담화나 글을 듣거나 읽을 수 있다.,예시를 참고하고 적절한 전략을 일부 활용하여 일상생활 주제에 관한 간단한 담화나 글을 듣거나 읽을 수 있다.,,241
[6영01-08],초등 5~6학년군,영어,이해,다양한 매체로 표현된 담화나 글을 흥미와 자신감을 가지고 듣거나 읽는다.,다양한 매체로 표현된 일상생활 주제에 관한 간단한 담화나 글을 흥미를 가지고 스스로 찾아 듣거나 읽는다.,다양한 매체로 표현된 일상생활 주제에 관한 간단한 담화나 글을 흥미를 가지고 듣거나 읽는다.,다양한 매체로 표현된 일상생활 주제에 관한 간단한 담화나 글에 흥미를 가지려고 노력하며 듣거나 읽는다.,,241
[6영01-09],초등 5~6학년군,영어,이해,"시, 노래, 이야기를 공감하며 듣거나 읽는다.","시, 노래, 이야기를 스스로 찾아 듣거나 읽으면서 화자나 필자의 기쁨, 슬픔 등의 감정을 느끼고 적극적으로 공감하는 태도를 보인다.","시, 노래, 이야기를 듣거나 읽으면서 화자나 필자의 기쁨, 슬픔 등의 감정을 느끼고 공감하는 태도를 보인다.","시, 노래, 이야기를 듣거나 읽으면서 화자나 필자의 기쁨, 슬픔 등의 감정을 느끼고 공감하는 태도를 가지려고 노력한다.",,241
[6영01-10],초등 5~6학년군,영어,이해,일상생활 주제나 문화에 관한 담화나 글을 포용의 태도로 듣거나 읽는다.,일상생활 주제나 문화에 관한 간단한 담화나 글을 듣거나 읽을 때 다양한 생각이나 의견을 포용하는 적극적인 태도를 보인다.,일상생활 주제나 문화에 관한 간단한 담화나 글을 듣거나 읽을 때 다양한 생각이나 의견을 포용하는 태도를 보인다.,일상생활 주제나 문화에 관한 간단한 담화나 글을 듣거나 읽으면서 다양한 사람의 생각이나 의견을 포용하는 태도를 가지려고 노력한다.,,241
[6영02-01],초등 5~6학년군,영어,표현,"간단한 단어, 어구, 문장을 강세, 리듬, 억양에 맞게 말한다.","간단한 단어, 어구, 문장을 강세, 리듬, 억양에 맞게 정확하게 말할 수 있다.","간단한 단어, 어구, 문장을 강세, 리듬, 억양에 맞게 대체로 말할 수 있다.","간단하고 짧은 단어, 어구, 문장을 시범을 참고하거나 반복 연습을 통해 강세, 리듬, 억양에 맞게 부분적으로 말할 수 있다.",,242
[6영02-02],초등 5~6학년군,영어,표현,"실물, 그림, 동작 등을 보고 간단한 단어, 어구, 문장으로 말하거나 쓴다.","실물, 그림, 동작 등을 보고 간단한 단어를 정확하게 말하거나 쓸 수 있으며, 적절한 단어와 언어 형식을 사용하여 간단한 어구나 문장으로 정확하게 말하거나 쓸 수 있다.","실물, 그림, 동작 등을 보고 간단한 단어를 대체로 말하거나 쓸 수 있으며, 적절한 단어를 사용하여 간단한 어구나 문장으로 대체로 말하거나 쓸 수 있다.","실물, 그림, 동작 등을 보고 간단한 단어를 일부 말하거나 쓸 수 있으며, 주어진 단어를 참고하여 간단하고 짧은 어구나 문장으로 부분적으로 말하거나 쓸 수 있다.",,242
[6영02-03],초등 5~6학년군,영어,표현,알파벳 대소 문자와 문장 부호를 문장에서 바르게 사용한다.,알파벳 대소 문자와 문장 부호를 단어와 문장의 유형에 맞게 문장에서 정확하고 바르게 사용할 수 있다.,알파벳 대소 문자와 문장 부호를 문장의 유형에 맞게 문장에서 대체로 바르게 사용할 수 있다.,알파벳 대소 문자와 문장 부호를 예시 문장을 참고하여 문장에서 부분적으로 바르게 사용할 수 있다.,,242
[6영02-04],초등 5~6학년군,영어,표현,주변 사람이나 사물을 간단한 문장으로 소개하거나 묘사한다.,주변 사람이나 사물의 이름과 주요 특징을 적절한 단어와 언어 형식을 사용하여 간단한 문장으로 정확하게 소개하거나 묘사할 수 있다.,주변 사람이나 사물의 이름과 주요 특징을 적절한 단어를 사용하여 간단한 문장으로 대체로 소개하거나 묘사할 수 있다.,주변 사람이나 사물의 이름과 주요 특징을 주어진 도움 자료를 참고하여 간단하고 짧은 문장으로 부분적으로 소개하거나 묘사할 수 있다.,,242
[6영02-05],초등 5~6학년군,영어,표현,"주변 장소나 위치, 행동 순서나 방법을 간단한 문장으로 설명한다.","주변 장소의 위치나 찾아가는 방법, 일상생활 행동의 순서나 방법을 적절한 단어와 언어 형식을 사용하여 간단한 문장으로 정확하게 말하거나 쓸 수 있다.","주변 장소의 위치나 찾아가는 방법, 일상생활 행동의 순서나 방법을 적절한 단어를 사용하여 간단한 문장으로 대체로 말하거나 쓸 수 있다.","주변 장소의 위치나 찾아가는 방법, 일상생활의 반복적인 행동의 순서나 방법을 주어진 도움 자료를 참고하여 간단하고 짧은 문장으로 부분적으로 말하거나 쓸 수 있다.",,242
[6영02-06],초등 5~6학년군,영어,표현,"자신의 감정이나 의견, 경험이나 계획을 간단한 문장으로 표현한다.","일상생활에서의 자신의 감정이나 의견, 경험이나 계획을 적절한 단어와 언어 형식을 사용하여 간단한 문장으로 정확하게 말하거나 쓸 수 있다.","일상생활에서의 자신의 감정이나 의견, 경험이나 계획을 적절한 단어를 사용하여 간단한 문장으로 대체로 말하거나 쓸 수 있다.","일상생활에서의 자신의 감정이나 의견, 경험이나 계획을 주어진 도움 자료를 참고하여 간단하고 짧은 문장으로 부분적으로 말하거나 쓸 수 있다.",,243
[6영02-07],초등 5~6학년군,영어,표현,일상생활 주제에 관한 담화나 글의 세부 정보를 간단한 문장으로 묻거나 답한다.,일상생활 주제에 관한 다양한 유형의 간단한 담화나 글의 세부 정보를 적절한 단어와 언어 형식을 사용하여 정확하게 묻거나 답할 수 있다.,일상생활 주제에 관한 간단한 담화나 글의 세부 정보를 적절한 단어를 사용하여 대체로 묻거나 답할 수 있다.,일상생활 주제에 관한 간단하고 짧은 담화나 글의 세부 정보를 주어진 도움 자료를 참고하여 부분적으로 묻거나 답할 수 있다.,,243
[6영02-08],초등 5~6학년군,영어,표현,예시문을 참고하여 목적에 맞는 간단한 글을 쓴다.,예시문을 참고하여 일상생활 목적에 맞는 간단한 글을 적절한 단어와 언어 형식으로 정확하게 쓸 수 있다.,예시문을 참고하여 일상생활 목적에 맞는 간단한 글을 적절한 단어로 대체로 쓸 수 있다.,예시문과 주어진 단어 목록을 참고하여 일상생활 목적에 맞는 간단하고 짧은 글을 부분적으로 쓸 수 있다.,,243
[6영02-09],초등 5~6학년군,영어,표현,적절한 매체와 전략을 활용하여 창의적으로 의미를 생성하고 표현한다.,적절한 매체와 전략을 다양하게 활용하여 창의적으로 의미를 생성하고 표현할 수 있다.,적절한 매체와 전략을 활용하여 창의적으로 의미를 생성하고 표현할 수 있다.,예시를 참고하여 적절한 매체와 전략을 일부 활용하여 창의적으로 의미를 표현할 수 있다.,,243
[6영02-10],초등 5~6학년군,영어,표현,의사소통 활동에 흥미와 자신감을 가지고 참여하여 협력적으로 수행한다.,"의사소통 활동에 높은 흥미와 자신감을 가지고 참여하며, 동료들과 적극적으로 협력하여 활동을 수행한다.","의사소통 활동에 흥미와 자신감을 가지고 참여하려는 태도를 보이며, 동료들과 대체로 협력하여 활동을 수행한다.","의사소통 활동에 일부 흥미와 자신감을 가지고 참여하고자 노력하며, 동료들과 부분적으로 협력하여 활동을 수행한다.",,243
